{
  "route": [[8,12,10,6,9,2,5],[1,7,11,4,3]],
  "x": {
    "x[1,7,0]": 1.0,
    "x[3,13,0]": 1.0,
    "x[4,3,0]": 1.0,
    "x[7,11,0]": 1.0,
    "x[11,4,0]": 1.0,
    "x[0,1,0]": 1.0
  },
  "y": {
    "y[2,5,0,0]": 1.0,
    "y[5,13,0,0]": 1.0,
    "y[6,9,0,0]": 1.0,
    "y[8,12,0,0]": 1.0,
    "y[9,2,0,0]": 1.0,
    "y[10,6,0,0]": 1.0,
    "y[12,10,0,0]": 1.0,
    "y[0,8,0,0]": 1.0
  },
  "T": {
    "T[0,0]": 61.299409699329935
  },
  "A": {
    "A[0]": 62.865409936058526
  },
  "B": {
    "B[0]": 61.299409699329935
  },
  "L_w": 60,
  "L_d": 120,
  "staff_velocity": 0.58,
  "drone_velocity": 0.83,
  "num_staff": 1,
  "num_drone": 1,
  "solver": "GUROBI",
  "solver_log": false,
  "num_worker": -1,
  "time_limit": 1800,
  "model_params": {},
  "Optimal": 62.86540993365204,
  "Time": 24.592344999313354,
  "num_constraint": 282,
  "Number of variables": 2251,
  "status": "OPTIMAL"
}