{
  "x": {
    "x[2,12,0]": 1.0,
    "x[4,13,0]": 1.0,
    "x[8,2,0]": 1.0,
    "x[10,8,0]": 1.0,
    "x[12,4,0]": 1.0,
    "x[0,10,0]": 1.0
  },
  "y": {
    "y[1,11,0,0]": 1.0,
    "y[3,7,0,0]": 1.0,
    "y[5,9,0,0]": 1.0,
    "y[6,13,0,0]": 1.0,
    "y[7,5,0,0]": 1.0,
    "y[9,1,0,0]": 1.0,
    "y[11,6,0,0]": 1.0,
    "y[0,3,0,0]": 1.0
  },
  "T": {
    "T[0,0]": 12.080499820833213
  },
  "A": {
    "A[0]": 12.768254847312512
  },
  "B": {
    "B[0]": 12.080499820833213
  },
  "L_w": 60,
  "L_d": 120,
  "staff_velocity": 0.58,
  "drone_velocity": 0.83,
  "num_staff": 1,
  "num_drone": 1,
  "solver": "GUROBI",
  "solver_log": false,
  "num_worker": -1,
  "time_limit": 1800,
  "model_params": {},
  "Optimal": 12.76825484731251,
  "Time": 75.89275002479553,
  "num_constraint": 282,
  "Number of variables": 2251,
  "status": "OPTIMAL"
}