{
  "x": {
    "x[4,8,0]": 1.0,
    "x[7,10,0]": 1.0,
    "x[8,12,0]": 1.0,
    "x[10,4,0]": 1.0,
    "x[12,13,0]": 1.0,
    "x[0,7,0]": 1.0
  },
  "y": {
    "y[1,13,0,0]": 1.0,
    "y[2,5,0,0]": 1.0,
    "y[3,1,0,0]": 1.0,
    "y[5,6,0,0]": 1.0,
    "y[6,9,0,0]": 1.0,
    "y[9,11,0,0]": 1.0,
    "y[11,3,0,0]": 1.0,
    "y[0,2,0,0]": 1.0
  },
  "T": {
    "T[0,0]": 26.789659293305363
  },
  "A": {
    "A[0]": 25.878538760760534
  },
  "B": {
    "B[0]": 26.789659293305363
  },
  "L_w": 60,
  "L_d": 120,
  "staff_velocity": 0.58,
  "drone_velocity": 0.83,
  "num_staff": 1,
  "num_drone": 1,
  "solver": "GUROBI",
  "solver_log": false,
  "num_worker": -1,
  "time_limit": 1800,
  "model_params": {},
  "Optimal": 26.789659293305363,
  "Time": 63.19116497039795,
  "num_constraint": 282,
  "Number of variables": 2251,
  "status": "OPTIMAL"
}