{
  "x": {
    "x[1,4,0]": 1.0,
    "x[4,10,0]": 1.0,
    "x[6,1,0]": 1.0,
    "x[9,6,0]": 1.0,
    "x[10,13,0]": 1.0,
    "x[0,9,0]": 1.0
  },
  "y": {
    "y[2,13,0,0]": 1.0,
    "y[3,7,0,0]": 1.0,
    "y[5,12,0,0]": 1.0,
    "y[7,8,0,0]": 1.0,
    "y[8,11,0,0]": 1.0,
    "y[11,5,0,0]": 1.0,
    "y[12,2,0,0]": 1.0,
    "y[0,3,0,0]": 1.0
  },
  "T": {
    "T[0,0]": 64.05994714341111
  },
  "A": {
    "A[0]": 62.93050878222561
  },
  "B": {
    "B[0]": 64.05994714341111
  },
  "L_w": 60,
  "L_d": 120,
  "staff_velocity": 0.58,
  "drone_velocity": 0.83,
  "num_staff": 1,
  "num_drone": 1,
  "solver": "GUROBI",
  "solver_log": false,
  "num_worker": -1,
  "time_limit": 1800,
  "model_params": {},
  "Optimal": 64.05994714341111,
  "Time": 30.991754055023193,
  "num_constraint": 282,
  "Number of variables": 2251,
  "status": "OPTIMAL"
}