{
  "x": {
    "x[1,13,0]": 1.0,
    "x[3,9,0]": 1.0,
    "x[6,8,0]": 1.0,
    "x[8,1,0]": 1.0,
    "x[9,12,0]": 1.0,
    "x[12,6,0]": 1.0,
    "x[0,3,0]": 1.0
  },
  "y": {
    "y[2,13,0,0]": 1.0,
    "y[4,11,0,0]": 1.0,
    "y[5,10,0,0]": 1.0,
    "y[7,5,0,0]": 1.0,
    "y[10,2,0,0]": 1.0,
    "y[11,7,0,0]": 1.0,
    "y[0,4,0,0]": 1.0
  },
  "T": {
    "T[0,0]": 56.87472530175472
  },
  "A": {
    "A[0]": 54.10743563304972
  },
  "B": {
    "B[0]": 56.87472530175472
  },
  "L_w": 60,
  "L_d": 120,
  "staff_velocity": 0.58,
  "drone_velocity": 0.83,
  "num_staff": 1,
  "num_drone": 1,
  "solver": "GUROBI",
  "solver_log": false,
  "num_worker": -1,
  "time_limit": 1800,
  "model_params": {},
  "Optimal": 56.87472530175472,
  "Time": 13.97363805770874,
  "num_constraint": 282,
  "Number of variables": 2251,
  "status": "OPTIMAL"
}