{
  "x": {
    "x[2,11,0]": 1.0,
    "x[3,2,0]": 1.0,
    "x[6,12,0]": 1.0,
    "x[9,13,0]": 1.0,
    "x[11,9,0]": 1.0,
    "x[12,3,0]": 1.0,
    "x[0,6,0]": 1.0
  },
  "y": {
    "y[1,7,0,0]": 1.0,
    "y[4,5,0,0]": 1.0,
    "y[5,13,0,0]": 1.0,
    "y[7,4,0,0]": 1.0,
    "y[8,10,0,0]": 1.0,
    "y[10,1,0,0]": 1.0,
    "y[0,8,0,0]": 1.0
  },
  "T": {
    "T[0,0]": 46.53667831833151
  },
  "A": {
    "A[0]": 45.62713781364158
  },
  "B": {
    "B[0]": 46.53667831833151
  },
  "L_w": 60,
  "L_d": 120,
  "staff_velocity": 0.58,
  "drone_velocity": 0.83,
  "num_staff": 1,
  "num_drone": 1,
  "solver": "GUROBI",
  "solver_log": false,
  "num_worker": -1,
  "time_limit": 1800,
  "model_params": {},
  "Optimal": 46.53667831833151,
  "Time": 23.95837712287903,
  "num_constraint": 282,
  "Number of variables": 2251,
  "status": "OPTIMAL"
}