{
  "x": {
    "x[4,11,0]": 1.0,
    "x[9,4,0]": 1.0,
    "x[10,9,0]": 1.0,
    "x[11,13,0]": 1.0,
    "x[0,10,0]": 1.0
  },
  "y": {
    "y[1,8,0,0]": 1.0,
    "y[2,1,0,0]": 1.0,
    "y[3,12,0,0]": 1.0,
    "y[5,13,0,0]": 1.0,
    "y[6,7,0,0]": 1.0,
    "y[7,5,0,0]": 1.0,
    "y[8,3,0,0]": 1.0,
    "y[12,6,0,0]": 1.0,
    "y[0,2,0,0]": 1.0
  },
  "T": {
    "T[0,0]": 23.492185234298653
  },
  "A": {
    "A[0]": 24.432338750434585
  },
  "B": {
    "B[0]": 23.492185234298653
  },
  "L_w": 60,
  "L_d": 120,
  "staff_velocity": 0.58,
  "drone_velocity": 0.83,
  "num_staff": 1,
  "num_drone": 1,
  "solver": "GUROBI",
  "solver_log": false,
  "num_worker": -1,
  "time_limit": 1800,
  "model_params": {},
  "Optimal": 24.432338750434585,
  "Time": 3.9266440868377686,
  "num_constraint": 282,
  "Number of variables": 2251,
  "status": "OPTIMAL"
}