{
  "x": {
    "x[2,7,0]": 1.0,
    "x[4,12,0]": 1.0,
    "x[6,8,0]": 1.0,
    "x[7,6,0]": 1.0,
    "x[8,13,0]": 1.0,
    "x[12,2,0]": 1.0,
    "x[0,4,0]": 1.0
  },
  "y": {
    "y[1,9,0,0]": 1.0,
    "y[3,10,0,0]": 1.0,
    "y[5,1,0,0]": 1.0,
    "y[9,13,0,0]": 1.0,
    "y[10,5,0,0]": 1.0,
    "y[11,3,0,0]": 1.0,
    "y[0,11,0,0]": 1.0
  },
  "T": {
    "T[0,0]": 14.125940902888992
  },
  "A": {
    "A[0]": 14.088114784423603
  },
  "B": {
    "B[0]": 14.125940902888992
  },
  "L_w": 60,
  "L_d": 120,
  "staff_velocity": 0.58,
  "drone_velocity": 0.83,
  "num_staff": 1,
  "num_drone": 1,
  "solver": "GUROBI",
  "solver_log": false,
  "num_worker": -1,
  "time_limit": 1800,
  "model_params": {},
  "Optimal": 14.125940902888992,
  "Time": 8.165824174880981,
  "num_constraint": 282,
  "Number of variables": 2251,
  "status": "OPTIMAL"
}