{
  "x": {
    "x[1,9,0]": 1.0,
    "x[5,1,0]": 1.0,
    "x[9,10,0]": 1.0,
    "x[10,13,0]": 1.0,
    "x[0,5,0]": 1.0
  },
  "y": {
    "y[2,12,0,0]": 1.0,
    "y[3,7,0,0]": 1.0,
    "y[4,13,0,0]": 1.0,
    "y[6,4,0,0]": 0.9999999998902614,
    "y[7,2,0,0]": 1.0,
    "y[8,6,0,0]": 1.0,
    "y[11,3,0,0]": 1.0,
    "y[12,8,0,0]": 1.0,
    "y[0,11,0,0]": 1.0,
    "y[4,6,0,3]": 1.0973853895162605e-10,
    "y[6,4,0,3]": 1.0973853895162605e-10
  },
  "T": {
    "T[0,0]": 27.38099396147156,
    "T[0,3]": 8.59678550568788e-10
  },
  "A": {
    "A[0]": 25.600392743868348
  },
  "B": {
    "B[0]": 27.38099396233124
  },
  "L_w": 60,
  "L_d": 120,
  "staff_velocity": 0.58,
  "drone_velocity": 0.83,
  "num_staff": 1,
  "num_drone": 1,
  "solver": "GUROBI",
  "solver_log": false,
  "num_worker": -1,
  "time_limit": 1800,
  "model_params": {},
  "Optimal": 27.38099396233123,
  "Time": 31.76199197769165,
  "num_constraint": 282,
  "Number of variables": 2251,
  "status": "OPTIMAL"
}