{
  "x": {
    "x[1,2,0]": 1.0,
    "x[2,8,0]": 1.0,
    "x[3,13,0]": 1.0,
    "x[7,1,0]": 1.0,
    "x[8,3,0]": 1.0,
    "x[0,7,0]": 1.0
  },
  "y": {
    "y[4,10,0,0]": 1.0,
    "y[5,6,0,0]": 1.0,
    "y[6,12,0,0]": 1.0,
    "y[9,13,0,0]": 1.0,
    "y[10,11,0,0]": 1.0,
    "y[11,9,0,0]": 1.0,
    "y[12,4,0,0]": 1.0,
    "y[0,5,0,0]": 1.0
  },
  "T": {
    "T[0,0]": 11.556919935654474
  },
  "A": {
    "A[0]": 10.98313156408387
  },
  "B": {
    "B[0]": 11.556919935654474
  },
  "L_w": 60,
  "L_d": 120,
  "staff_velocity": 0.58,
  "drone_velocity": 0.83,
  "num_staff": 1,
  "num_drone": 1,
  "solver": "GUROBI",
  "solver_log": false,
  "num_worker": -1,
  "time_limit": 1800,
  "model_params": {},
  "Optimal": 11.556919935654474,
  "Time": 9.156944990158081,
  "num_constraint": 282,
  "Number of variables": 2251,
  "status": "OPTIMAL"
}