{
  "route": [[2,5,8,12,10,1,11], [3,7,9,6,4]],
  "x": {
    "x[3,7,0]": 1.0,
    "x[4,13,0]": 1.0,
    "x[6,4,0]": 1.0,
    "x[7,9,0]": 1.0,
    "x[9,6,0]": 1.0,
    "x[0,3,0]": 1.0
  },
  "y": {
    "y[1,11,0,0]": 1.0,
    "y[2,5,0,0]": 1.0,
    "y[5,8,0,0]": 1.0,
    "y[8,12,0,0]": 1.0,
    "y[10,1,0,0]": 1.0,
    "y[11,13,0,0]": 1.0,
    "y[12,10,0,0]": 1.0,
    "y[0,2,0,0]": 1.0
  },
  "T": {
    "T[0,0]": 15.953651629406579
  },
  "A": {
    "A[0]": 14.669062782215814
  },
  "B": {
    "B[0]": 15.953651629406579
  },
  "L_w": 60,
  "L_d": 120,
  "staff_velocity": 0.58,
  "drone_velocity": 0.83,
  "num_staff": 1,
  "num_drone": 1,
  "solver": "GUROBI",
  "solver_log": false,
  "num_worker": -1,
  "time_limit": 1800,
  "model_params": {},
  "Optimal": 15.953651629406579,
  "Time": 43.79962110519409,
  "num_constraint": 282,
  "Number of variables": 2251,
  "status": "OPTIMAL"
}