{
  "x": {
    "x[1,7,0]": 1.0,
    "x[7,8,0]": 1.0,
    "x[8,9,0]": 1.0,
    "x[9,12,0]": 1.0,
    "x[11,1,0]": 1.0,
    "x[12,13,0]": 1.0,
    "x[0,11,0]": 1.0
  },
  "y": {
    "y[2,5,0,0]": 1.0,
    "y[3,6,0,0]": 1.0,
    "y[4,3,0,0]": 1.0,
    "y[5,4,0,0]": 1.0,
    "y[6,13,0,0]": 1.0,
    "y[10,2,0,0]": 1.0,
    "y[0,10,0,0]": 1.0
  },
  "T": {
    "T[0,0]": 29.306356176666647
  },
  "A": {
    "A[0]": 28.835848143595555
  },
  "B": {
    "B[0]": 29.306356176666647
  },
  "L_w": 60,
  "L_d": 120,
  "staff_velocity": 0.58,
  "drone_velocity": 0.83,
  "num_staff": 1,
  "num_drone": 1,
  "solver": "GUROBI",
  "solver_log": false,
  "num_worker": -1,
  "time_limit": 1800,
  "model_params": {},
  "Optimal": 29.306356173636004,
  "Time": 9.674038887023926,
  "num_constraint": 282,
  "Number of variables": 2251,
  "status": "OPTIMAL"
}