{
  "x": {
    "x[2,12,0]": 7.256288903079167e-10,
    "x[3,11,0]": 7.256288903079167e-10,
    "x[3,13,0]": 0.9999999991640955,
    "x[12,3,0]": 0.9999999998897244,
    "x[12,13,0]": 8.359044567640694e-10,
    "x[0,12,0]": 1.0,
    "x[5,13,1]": 7.256287936606612e-10,
    "x[8,13,1]": 1.0,
    "x[0,5,1]": 7.256287936606612e-10,
    "x[0,8,1]": 1.0,
    "x[2,13,2]": 1.0,
    "x[6,2,2]": 1.0,
    "x[0,6,2]": 1.0
  },
  "y": {
    "y[4,13,0,0]": 1.0,
    "y[5,4,0,0]": 1.0,
    "y[0,5,0,0]": 1.0,
    "y[12,13,0,6]": 3.5687316501881677e-10,
    "y[0,3,0,6]": 3.5687316501881677e-10,
    "y[2,11,0,7]": 1.1027559382799471e-10,
    "y[4,13,0,7]": 1.1027559382799471e-10,
    "y[9,8,0,7]": 1.1027559382799471e-10,
    "y[11,9,0,7]": 1.1027559382799471e-10,
    "y[12,3,0,7]": 1.1027559382799471e-10,
    "y[0,4,0,7]": 1.1027559382799471e-10,
    "y[10,13,0,11]": 3.6875562864184445e-10,
    "y[0,1,0,11]": 3.6875562864184445e-10,
    "y[1,13,1,0]": 1.0,
    "y[7,1,1,0]": 1.0,
    "y[10,7,1,0]": 1.0,
    "y[0,10,1,0]": 1.0,
    "y[3,13,2,0]": 1.1027556645615277e-10,
    "y[9,11,2,0]": 0.9999999998897244,
    "y[11,13,2,0]": 0.9999999998897244,
    "y[0,3,2,0]": 1.1027556645615277e-10,
    "y[0,9,2,0]": 0.9999999998897244,
    "y[0,1,2,9]": 1.1027559382799471e-10
  },
  "T": {
    "T[0,0]": 23.311038040230375,
    "T[0,6]": 2.4813022747594013e-09,
    "T[0,7]": 2.503030671618945e-09,
    "T[0,11]": 2.503030671618945e-09,
    "T[1,0]": 26.278550272983157,
    "T[2,0]": 25.434127688752973
  },
  "A": {
    "A[0]": 23.874627355526602,
    "A[1]": 26.3744997018917,
    "A[2]": 24.660814760055928
  },
  "B": {
    "B[0]": 23.311038047717744,
    "B[1]": 26.278550272983157,
    "B[2]": 25.434127687064557
  },
  "L_w": 60,
  "L_d": 120,
  "staff_velocity": 0.58,
  "drone_velocity": 0.83,
  "num_staff": 3,
  "num_drone": 3,
  "use_ejection": false,
  "use_inter": false,
  "use_intra": false,
  "solver": "GUROBI",
  "solver_log": false,
  "num_worker": -1,
  "time_limit": 18000,
  "model_params": {},
  "Optimal": 26.3744997018917,
  "Time": 140.9467430114746,
  "num_constraint": 798,
  "Number of variables": 6751,
  "status": "OPTIMAL"
}