{
  "x": {
    "x[1,7,0]": 1.0,
    "x[7,12,0]": 1.0,
    "x[12,13,0]": 1.0,
    "x[0,1,0]": 1.0,
    "x[9,10,1]": 1.0,
    "x[10,13,1]": 1.0,
    "x[0,9,1]": 1.0,
    "x[2,13,2]": 1.0,
    "x[0,2,2]": 1.0
  },
  "y": {
    "y[3,13,0,0]": 1.0,
    "y[4,3,0,0]": 1.0,
    "y[5,4,0,0]": 1.0,
    "y[0,5,0,0]": 1.0,
    "y[6,13,1,0]": 1.0,
    "y[0,6,1,0]": 1.0,
    "y[8,11,2,0]": 1.0,
    "y[11,13,2,0]": 1.0,
    "y[0,8,2,0]": 1.0,
    "y[7,12,2,10]": 1.5690287722119184e-10,
    "y[8,7,2,10]": 1.5690287722119184e-10,
    "y[12,8,2,10]": 1.5690287722119184e-10
  },
  "T": {
    "T[0,0]": 16.721784409667624,
    "T[1,0]": 13.513793680523586,
    "T[2,0]": 14.296830975355201,
    "T[2,10]": 1.8501360443679013e-09
  },
  "A": {
    "A[0]": 17.051887543134473,
    "A[1]": 16.04211987427126,
    "A[2]": 17.248245034254555
  },
  "B": {
    "B[0]": 16.721784409667624,
    "B[1]": 13.513793680523586,
    "B[2]": 14.296830977205337
  },
  "L_w": 60,
  "L_d": 120,
  "staff_velocity": 0.58,
  "drone_velocity": 0.83,
  "num_staff": 3,
  "num_drone": 3,
  "use_ejection": false,
  "use_inter": false,
  "use_intra": false,
  "solver": "GUROBI",
  "solver_log": false,
  "num_worker": -1,
  "time_limit": 18000,
  "model_params": {},
  "Optimal": 17.24824406089094,
  "Time": 432.75674057006836,
  "num_constraint": 798,
  "Number of variables": 6751,
  "status": "OPTIMAL"
}