{
  "x": {
    "x[2,13,0]": 1.0,
    "x[0,2,0]": 1.0,
    "x[5,13,1]": 1.0,
    "x[0,5,1]": 1.0,
    "x[10,13,2]": 1.0,
    "x[0,10,2]": 1.0
  },
  "y": {
    "y[1,4,0,0]": 1.0,
    "y[4,13,0,0]": 1.0,
    "y[8,1,0,0]": 1.0,
    "y[0,8,0,0]": 1.0,
    "y[7,13,1,0]": 1.0,
    "y[11,7,1,0]": 1.0,
    "y[0,11,1,0]": 1.0,
    "y[3,9,2,0]": 1.0,
    "y[6,13,2,0]": 1.0,
    "y[9,12,2,0]": 1.0,
    "y[12,6,2,0]": 1.0,
    "y[0,3,2,0]": 1.0
  },
  "T": {
    "T[0,0]": 29.200271051137722,
    "T[1,0]": 29.50574827116877,
    "T[2,0]": 29.79705623621997
  },
  "A": {
    "A[0]": 30.353752400676747,
    "A[1]": 24.0513084977365,
    "A[2]": 31.70393141459296
  },
  "B": {
    "B[0]": 29.200271051137722,
    "B[1]": 29.50574827116877,
    "B[2]": 29.79705623621997
  },
  "L_w": 60,
  "L_d": 120,
  "staff_velocity": 0.58,
  "drone_velocity": 0.83,
  "num_staff": 3,
  "num_drone": 3,
  "use_ejection": false,
  "use_inter": false,
  "use_intra": false,
  "solver": "GUROBI",
  "solver_log": false,
  "num_worker": -1,
  "time_limit": 18000,
  "model_params": {},
  "Optimal": 31.703931411322564,
  "Time": 226.0488452911377,
  "num_constraint": 798,
  "Number of variables": 6751,
  "status": "OPTIMAL"
}