{
  "x": {
    "x[3,13,0]": 1.0,
    "x[0,3,0]": 1.0,
    "x[1,8,1]": 1.0,
    "x[2,13,1]": 1.0,
    "x[8,2,1]": 1.0,
    "x[0,1,1]": 1.0,
    "x[12,13,2]": 1.0,
    "x[0,12,2]": 1.0
  },
  "y": {
    "y[4,13,0,0]": 1.0,
    "y[9,4,0,0]": 1.0,
    "y[0,9,0,0]": 1.0,
    "y[5,13,1,0]": 1.0,
    "y[6,7,1,0]": 1.0,
    "y[7,5,1,0]": 1.0,
    "y[0,6,1,0]": 1.0,
    "y[10,13,2,0]": 1.0,
    "y[11,10,2,0]": 1.0,
    "y[0,11,2,0]": 1.0
  },
  "T": {
    "T[0,0]": 14.100680773724113,
    "T[0,3]": 2.2037679922631253e-09,
    "T[0,4]": 2.6154012851171515e-10,
    "T[0,6]": 3.2018920724834916e-10,
    "T[1,0]": 13.515337257849872,
    "T[2,0]": 14.024196668220291
  },
  "A": {
    "A[0]": 13.263721544431228,
    "A[1]": 12.277424261036435,
    "A[2]": 12.660876483017628
  },
  "B": {
    "B[0]": 14.10068077650961,
    "B[1]": 13.515337257849872,
    "B[2]": 14.024196668220291
  },
  "L_w": 60,
  "L_d": 120,
  "staff_velocity": 0.58,
  "drone_velocity": 0.83,
  "num_staff": 3,
  "num_drone": 3,
  "use_ejection": false,
  "use_inter": false,
  "use_intra": false,
  "solver": "GUROBI",
  "solver_log": false,
  "num_worker": -1,
  "time_limit": 18000,
  "model_params": {},
  "Optimal": 14.100679986443382,
  "Time": 53.55015754699707,
  "num_constraint": 798,
  "Number of variables": 6751,
  "status": "OPTIMAL"
}