{
  "x": {
    "x[8,13,0]": 0.9999999993071597,
    "x[0,8,0]": 0.9999999993071597,
    "x[9,13,1]": 0.999999995191014,
    "x[0,9,1]": 0.999999995191014,
    "x[5,13,2]": 1.0,
    "x[0,5,2]": 1.0
  },
  "y": {
    "y[1,13,0,0]": 1.0182534815328381e-09,
    "y[8,1,0,0]": 1.0182534020607122e-09,
    "y[9,10,0,0]": 1.0182533230822439e-09,
    "y[10,13,0,0]": 0.9999999989817465,
    "y[11,10,0,0]": 0.9999999979634933,
    "y[0,8,0,0]": 1.0182534020607122e-09,
    "y[0,9,0,0]": 1.0182533705105357e-09,
    "y[0,11,0,0]": 0.9999999979634933,
    "y[9,11,0,1]": 1.7176510235025844e-09,
    "y[9,13,0,1]": 1.0182534630666728e-09,
    "y[11,9,0,1]": 1.018253337781559e-09,
    "y[0,9,0,1]": 1.7176511160587216e-09,
    "y[1,3,0,4]": 3.2541302985578113e-10,
    "y[9,10,0,5]": 1.2367615003151144e-10,
    "y[9,13,0,5]": 2.248657273300207e-11,
    "y[10,9,0,5]": 1.461627227645135e-10,
    "y[0,10,0,5]": 2.2486572733002077e-11,
    "y[9,11,0,6]": 2.554503644128234e-10,
    "y[10,9,0,6]": 2.554503644128234e-10,
    "y[11,10,0,6]": 2.554503644128234e-10,
    "y[9,10,0,9]": 1.7982509596805863e-10,
    "y[10,9,0,9]": 1.7982509596805863e-10,
    "y[9,10,0,10]": 1.0182534020607122e-09,
    "y[10,9,0,10]": 1.0182534020607122e-09,
    "y[11,10,0,11]": 7.628031120813171e-10,
    "y[0,11,0,11]": 7.628031120813171e-10,
    "y[1,2,1,0]": 0.9999999989817465,
    "y[2,3,1,0]": 1.0,
    "y[3,13,1,0]": 1.0,
    "y[0,1,1,0]": 0.9999999989817465,
    "y[0,2,1,0]": 1.0182534815328381e-09,
    "y[4,13,2,0]": 1.0,
    "y[6,12,2,0]": 1.0,
    "y[7,6,2,0]": 1.0,
    "y[12,4,2,0]": 1.0,
    "y[0,7,2,0]": 1.0
  },
  "T": {
    "T[0,0]": 7.711835094167804,
    "T[0,1]": 7.107167617759428e-09,
    "T[0,5]": 7.324167327403511e-10,
    "T[0,6]": 1.1440361394728009e-09,
    "T[0,9]": 7.986624977462417e-10,
    "T[0,10]": 4.522398840108881e-09,
    "T[0,11]": 9.798775356098865e-10,
    "T[1,0]": 6.708817654288133,
    "T[2,0]": 7.4426392482039665
  },
  "A": {
    "A[0]": 7.038501160249632,
    "A[1]": 7.755306000484891,
    "A[2]": 6.059207417257737
  },
  "B": {
    "B[0]": 7.711835105479022,
    "B[1]": 6.708817654288133,
    "B[2]": 7.4426392482039665
  },
  "L_w": 60,
  "L_d": 120,
  "staff_velocity": 0.58,
  "drone_velocity": 0.83,
  "num_staff": 3,
  "num_drone": 3,
  "use_ejection": false,
  "use_inter": false,
  "use_intra": false,
  "solver": "GUROBI",
  "solver_log": false,
  "num_worker": -1,
  "time_limit": 18000,
  "model_params": {},
  "Optimal": 7.755306000484891,
  "Time": 2949.757974624634,
  "num_constraint": 798,
  "Number of variables": 6751,
  "status": "OPTIMAL"
}