{
  "x": {
    "x[2,13,0]": 1.0,
    "x[5,2,0]": 0.9999999999999999,
    "x[0,5,0]": 1.0,
    "x[1,13,1]": 1.0,
    "x[0,1,1]": 1.0,
    "x[1,13,2]": 4.962788828417486e-10,
    "x[7,13,2]": 1.0,
    "x[0,7,2]": 1.0
  },
  "y": {
    "y[6,9,0,0]": 1.0,
    "y[8,13,0,0]": 1.0,
    "y[9,8,0,0]": 1.0,
    "y[0,6,0,0]": 1.0,
    "y[4,11,0,8]": 1.3083456974354774e-10,
    "y[11,4,0,8]": 1.3083456974354774e-10,
    "y[10,13,1,0]": 1.0000000004962788,
    "y[12,10,1,0]": 1.0000000004962788,
    "y[0,12,1,0]": 1.0,
    "y[6,7,1,1]": 6.572742350385852e-12,
    "y[1,9,1,2]": 1.1414838487405945e-11,
    "y[5,13,1,5]": 4.4232663210089983e-10,
    "y[0,5,1,5]": 4.4232663210089983e-10,
    "y[2,13,1,6]": 2.9807296479233854e-10,
    "y[0,2,1,6]": 2.9807296479233854e-10,
    "y[2,13,1,7]": 2.8850733461712274e-10,
    "y[0,2,1,7]": 2.8850733461712274e-10,
    "y[3,13,2,0]": 1.0,
    "y[4,11,2,0]": 1.0,
    "y[11,3,2,0]": 1.0,
    "y[0,4,2,0]": 1.0,
    "y[2,8,2,9]": 1.484335194294619e-10,
    "y[5,2,2,9]": 1.4843351942946193e-10,
    "y[8,5,2,9]": 1.4843351942946193e-10,
    "y[2,8,2,11]": 2.0359169610372541e-10,
    "y[5,2,2,11]": 2.0359169610372541e-10,
    "y[8,5,2,11]": 2.0359169610372541e-10
  },
  "T": {
    "T[0,0]": 32.66357041862827,
    "T[0,8]": 1.412091869503159e-09,
    "T[1,0]": 31.46723284246255,
    "T[1,6]": 4.675960951772142e-09,
    "T[1,7]": 4.675960951772142e-09,
    "T[2,0]": 29.417262808243432,
    "T[2,9]": 4.351726090590093e-09,
    "T[2,11]": 5.9688357398485146e-09
  },
  "A": {
    "A[0]": 33.45870448471824,
    "A[1]": 21.55842565384094,
    "A[2]": 34.555995533294166
  },
  "B": {
    "B[0]": 32.66357041862827,
    "B[1]": 31.46723284432204,
    "B[2]": 29.417262818563994
  },
  "L_w": 60,
  "L_d": 120,
  "staff_velocity": 0.58,
  "drone_velocity": 0.83,
  "num_staff": 3,
  "num_drone": 3,
  "use_ejection": false,
  "use_inter": false,
  "use_intra": false,
  "solver": "GUROBI",
  "solver_log": false,
  "num_worker": -1,
  "time_limit": 18000,
  "model_params": {},
  "Optimal": 34.555995533294166,
  "Time": 597.3789653778076,
  "num_constraint": 798,
  "Number of variables": 6751,
  "status": "OPTIMAL"
}