{
  "x": {
    "x[12,13,0]": 1.0,
    "x[0,12,0]": 1.0,
    "x[7,13,1]": 1.0,
    "x[11,7,1]": 1.0,
    "x[0,11,1]": 1.0,
    "x[3,13,2]": 1.0,
    "x[0,3,2]": 1.0
  },
  "y": {
    "y[6,10,0,0]": 1.0,
    "y[8,6,0,0]": 1.0,
    "y[10,13,0,0]": 1.0,
    "y[0,8,0,0]": 1.0,
    "y[2,5,1,0]": 1.0,
    "y[4,2,1,0]": 1.0,
    "y[5,13,1,0]": 1.0,
    "y[0,4,1,0]": 1.0,
    "y[1,13,2,0]": 1.0,
    "y[9,1,2,0]": 1.0,
    "y[0,9,2,0]": 1.0
  },
  "T": {
    "T[0,0]": 16.40533810435676,
    "T[1,0]": 14.602943671094758,
    "T[2,0]": 13.308824955889815
  },
  "A": {
    "A[0]": 14.92002428952684,
    "A[1]": 15.605895987073163,
    "A[2]": 16.53552621958904
  },
  "B": {
    "B[0]": 16.40533810435676,
    "B[1]": 14.602943671094758,
    "B[2]": 13.308824955889815
  },
  "L_w": 60,
  "L_d": 120,
  "staff_velocity": 0.58,
  "drone_velocity": 0.83,
  "num_staff": 3,
  "num_drone": 3,
  "use_ejection": false,
  "use_inter": false,
  "use_intra": false,
  "solver": "GUROBI",
  "solver_log": false,
  "num_worker": -1,
  "time_limit": 18000,
  "model_params": {},
  "Optimal": 16.535526217835486,
  "Time": 5307.024969100952,
  "num_constraint": 798,
  "Number of variables": 6751,
  "status": "OPTIMAL"
}