{
  "x": {
    "x[5,13,0]": 1.0,
    "x[9,5,0]": 1.0,
    "x[0,9,0]": 1.0,
    "x[1,13,1]": 1.0,
    "x[0,1,1]": 1.0,
    "x[3,13,2]": 1.0,
    "x[7,10,2]": 1.0,
    "x[10,3,2]": 1.0,
    "x[0,7,2]": 1.0
  },
  "y": {
    "y[8,13,0,0]": 1.0,
    "y[0,8,0,0]": 1.0,
    "y[2,4,1,0]": 1.0,
    "y[4,13,1,0]": 1.0,
    "y[12,2,1,0]": 1.0,
    "y[0,12,1,0]": 1.0,
    "y[6,11,2,0]": 1.0,
    "y[11,13,2,0]": 1.0,
    "y[0,6,2,0]": 1.0
  },
  "T": {
    "T[0,0]": 5.7803236147940895,
    "T[1,0]": 6.141180780920429,
    "T[2,0]": 7.8662443554277335
  },
  "A": {
    "A[0]": 7.641940194639872,
    "A[1]": 7.233649398265287,
    "A[2]": 6.865495714735618
  },
  "B": {
    "B[0]": 5.7803236147940895,
    "B[1]": 6.141180780920429,
    "B[2]": 7.8662443554277335
  },
  "L_w": 60,
  "L_d": 120,
  "staff_velocity": 0.58,
  "drone_velocity": 0.83,
  "num_staff": 3,
  "num_drone": 3,
  "use_ejection": false,
  "use_inter": false,
  "use_intra": false,
  "solver": "GUROBI",
  "solver_log": false,
  "num_worker": -1,
  "time_limit": 18000,
  "model_params": {},
  "Optimal": 7.866243382541412,
  "Time": 1985.4969997406006,
  "num_constraint": 798,
  "Number of variables": 6751,
  "status": "OPTIMAL"
}