{
  "x": {
    "x[2,13,0]": 1.0,
    "x[0,2,0]": 1.0,
    "x[3,13,1]": 1.0,
    "x[4,3,1]": 1.0,
    "x[0,3,1]": 1.3766132678227905e-10,
    "x[0,4,1]": 1.0
  },
  "y": {
    "y[1,12,0,0]": 0.9999999998623386,
    "y[1,13,0,0]": 1.3766132678227905e-10,
    "y[11,1,0,0]": 0.9999999999999999,
    "y[12,13,0,0]": 0.9999999998623387,
    "y[0,11,0,0]": 1.0,
    "y[2,7,0,7]": 1.6946498573801347e-10,
    "y[6,9,0,7]": 1.6946498573801344e-10,
    "y[7,6,0,7]": 1.6946498573801347e-10,
    "y[9,2,0,7]": 1.6946498573801344e-10,
    "y[1,12,0,10]": 4.985152085694392e-11,
    "y[6,9,1,0]": 0.999999999830535,
    "y[7,6,1,0]": 0.9999999999681963,
    "y[9,13,1,0]": 1.0,
    "y[0,4,1,0]": 3.180367080801716e-11,
    "y[0,7,1,0]": 0.9999999999681963,
    "y[4,7,2,0]": 1.376613149299963e-10,
    "y[5,8,2,0]": 1.0,
    "y[6,4,2,0]": 1.376613149299963e-10,
    "y[8,10,2,0]": 1.0,
    "y[10,13,2,0]": 1.0,
    "y[12,13,2,0]": 1.376613149299963e-10,
    "y[0,5,2,0]": 1.0,
    "y[0,12,2,0]": 1.376613149299963e-10
  },
  "T": {
    "T[0,0]": 8.215719166794782,
    "T[0,7]": 1.5707164457978714e-09,
    "T[1,0]": 8.803765603563239,
    "T[2,0]": 8.262082690184624
  },
  "A": {
    "A[0]": 8.891981283099113,
    "A[1]": 7.896596496057449
  },
  "B": {
    "B[0]": 8.21571916800854,
    "B[1]": 8.803765603563239,
    "B[2]": 8.262082690184624
  },
  "L_w": 60,
  "L_d": 120,
  "staff_velocity": 0.58,
  "drone_velocity": 0.83,
  "num_staff": 3,
  "num_drone": 3,
  "use_ejection": false,
  "use_inter": false,
  "use_intra": false,
  "solver": "GUROBI",
  "solver_log": false,
  "num_worker": -1,
  "time_limit": 18000,
  "model_params": {},
  "Optimal": 8.891981281294967,
  "Time": 622.4303798675537,
  "num_constraint": 798,
  "Number of variables": 6751,
  "status": "OPTIMAL"
}