{
  "x": {
    "x[4,13,0]": 1.0,
    "x[8,4,0]": 1.0,
    "x[0,8,0]": 1.0,
    "x[7,13,2]": 1.0,
    "x[12,7,2]": 1.0,
    "x[0,12,2]": 1.0
  },
  "y": {
    "y[5,9,0,0]": 1.0,
    "y[6,13,0,0]": 1.0,
    "y[9,6,0,0]": 1.0,
    "y[0,5,0,0]": 1.0,
    "y[1,11,1,0]": 1.0,
    "y[3,13,1,0]": 1.0,
    "y[11,3,1,0]": 1.0,
    "y[0,1,1,0]": 1.0,
    "y[2,13,2,0]": 1.0,
    "y[10,2,2,0]": 1.0,
    "y[0,10,2,0]": 1.0
  },
  "T": {
    "T[0,0]": 14.315737512924233,
    "T[1,0]": 12.580062947393639,
    "T[2,0]": 15.523923799336352
  },
  "A": {
    "A[0]": 13.373638399242493,
    "A[2]": 10.681757482405839
  },
  "B": {
    "B[0]": 14.315737512924233,
    "B[1]": 12.580062947393639,
    "B[2]": 15.523923799336352
  },
  "L_w": 60,
  "L_d": 120,
  "staff_velocity": 0.58,
  "drone_velocity": 0.83,
  "num_staff": 3,
  "num_drone": 3,
  "use_ejection": false,
  "use_inter": false,
  "use_intra": false,
  "solver": "GUROBI",
  "solver_log": false,
  "num_worker": -1,
  "time_limit": 18000,
  "model_params": {},
  "Optimal": 15.523923566742752,
  "Time": 18001.106090545654,
  "num_constraint": 798,
  "Number of variables": 6751,
  "status": "FEASIBLE"
}