{
  "x": {
    "x[3,13,0]": 1.0,
    "x[0,3,0]": 1.0,
    "x[12,13,1]": 1.0,
    "x[0,12,1]": 1.0,
    "x[2,13,2]": 1.0,
    "x[7,2,2]": 1.0,
    "x[0,7,2]": 1.0
  },
  "y": {
    "y[4,13,0,0]": 1.0,
    "y[11,4,0,0]": 1.0,
    "y[0,11,0,0]": 1.0,
    "y[1,5,1,0]": 1.0,
    "y[5,10,1,0]": 1.0,
    "y[10,13,1,0]": 1.0,
    "y[0,1,1,0]": 1.0,
    "y[6,13,2,0]": 0.9999999999999999,
    "y[8,6,2,0]": 1.0,
    "y[9,8,2,0]": 1.0,
    "y[0,9,2,0]": 1.0
  },
  "T": {
    "T[0,0]": 7.257235600653466,
    "T[1,0]": 7.824637207481332,
    "T[2,0]": 7.903027249907389
  },
  "A": {
    "A[0]": 7.802418505565767,
    "A[1]": 8.293072792360157,
    "A[2]": 7.611306419972184
  },
  "B": {
    "B[0]": 7.257235600653466,
    "B[1]": 7.824637207481332,
    "B[2]": 7.903027249907389
  },
  "L_w": 60,
  "L_d": 120,
  "staff_velocity": 0.58,
  "drone_velocity": 0.83,
  "num_staff": 3,
  "num_drone": 3,
  "use_ejection": false,
  "use_inter": false,
  "use_intra": false,
  "solver": "GUROBI",
  "solver_log": false,
  "num_worker": -1,
  "time_limit": 18000,
  "model_params": {},
  "Optimal": 8.293072792360155,
  "Time": 70.53686141967773,
  "num_constraint": 798,
  "Number of variables": 6751,
  "status": "OPTIMAL"
}