{
  "x": {
    "x[1,4,0]": 1.0,
    "x[4,10,0]": 1.0,
    "x[6,1,0]": 1.0,
    "x[10,13,0]": 1.0,
    "x[0,6,0]": 1.0,
    "x[3,13,1]": 1.0,
    "x[0,3,1]": 1.0,
    "x[2,13,2]": 1.0,
    "x[11,2,2]": 1.0,
    "x[0,11,2]": 1.0
  },
  "y": {
    "y[9,13,0,0]": 1.0,
    "y[0,9,0,0]": 1.0,
    "y[7,13,1,0]": 1.0,
    "y[8,7,1,0]": 1.0,
    "y[0,8,1,0]": 1.0,
    "y[5,12,2,0]": 1.0,
    "y[12,13,2,0]": 1.0,
    "y[0,5,2,0]": 1.0
  },
  "T": {
    "T[0,0]": 31.13037270192253,
    "T[1,0]": 32.70139301503565,
    "T[2,0]": 34.317167084509194
  },
  "A": {
    "A[0]": 31.307197669980575,
    "A[1]": 28.379569666198055,
    "A[2]": 32.990724447031596
  },
  "B": {
    "B[0]": 31.13037270192253,
    "B[1]": 32.70139301503565,
    "B[2]": 34.317167084509194
  },
  "L_w": 60,
  "L_d": 120,
  "staff_velocity": 0.58,
  "drone_velocity": 0.83,
  "num_staff": 3,
  "num_drone": 3,
  "use_ejection": false,
  "use_inter": false,
  "use_intra": false,
  "solver": "GUROBI",
  "solver_log": false,
  "num_worker": -1,
  "time_limit": 18000,
  "model_params": {},
  "Optimal": 34.31716708450919,
  "Time": 47.86258506774902,
  "num_constraint": 798,
  "Number of variables": 6751,
  "status": "OPTIMAL"
}