{
  "x": {
    "x[1,16,0]": 1.0,
    "x[16,21,0]": 1.0,
    "x[0,1,0]": 1.0,
    "x[8,12,1]": 1.0,
    "x[9,17,1]": 1.0,
    "x[12,20,1]": 1.0,
    "x[17,8,1]": 1.0,
    "x[20,21,1]": 1.0,
    "x[0,9,1]": 1.0
  },
  "y": {
    "y[2,5,0,0]": 1.0,
    "y[3,11,0,0]": 1.0,
    "y[4,2,0,0]": 1.0,
    "y[5,18,0,0]": 1.0,
    "y[7,21,0,0]": 1.0,
    "y[11,14,0,0]": 1.0,
    "y[14,7,0,0]": 1.0,
    "y[18,3,0,0]": 1.0,
    "y[19,4,0,0]": 1.0,
    "y[0,19,0,0]": 1.0,
    "y[6,10,1,0]": 1.0,
    "y[10,15,1,0]": 1.0,
    "y[13,21,1,0]": 1.0,
    "y[15,13,1,0]": 1.0,
    "y[0,6,1,0]": 1.0
  },
  "T": {
    "T[0,0]": 36.563232288691836,
    "T[1,0]": 35.50541349977718
  },
  "A": {
    "A[0]": 36.904564536525946,
    "A[1]": 32.638509639399295
  },
  "B": {
    "B[0]": 36.563232288691836,
    "B[1]": 35.50541349977718
  },
  "L_w": 60,
  "L_d": 120,
  "staff_velocity": 0.58,
  "drone_velocity": 0.83,
  "num_staff": 2,
  "num_drone": 2,
  "use_ejection": false,
  "use_inter": false,
  "use_intra": false,
  "solver": "GUROBI",
  "solver_log": false,
  "num_worker": -1,
  "time_limit": 18000,
  "model_params": {},
  "Optimal": 36.90456453652594,
  "Time": 18001.644611358643,
  "num_constraint": 1212,
  "Number of variables": 18693,
  "status": "FEASIBLE"
}