{
  "x": {
    "x[4,18,0]": 1.0,
    "x[11,4,0]": 1.0,
    "x[18,21,0]": 1.0,
    "x[20,11,0]": 1.0,
    "x[0,20,0]": 1.0,
    "x[17,21,1]": 1.0,
    "x[0,17,1]": 1.0
  },
  "y": {
    "y[1,21,0,0]": 1.0,
    "y[2,14,0,0]": 1.0,
    "y[10,19,0,0]": 1.0,
    "y[12,16,0,0]": 1.0,
    "y[14,1,0,0]": 1.0,
    "y[16,2,0,0]": 1.0,
    "y[19,12,0,0]": 1.0,
    "y[0,10,0,0]": 1.0,
    "y[3,9,1,0]": 1.0,
    "y[5,7,1,0]": 1.0,
    "y[6,15,1,0]": 1.0,
    "y[7,8,1,0]": 1.0,
    "y[8,21,1,0]": 1.0,
    "y[9,6,1,0]": 1.0,
    "y[13,3,1,0]": 1.0,
    "y[15,5,1,0]": 1.0,
    "y[0,13,1,0]": 1.0
  },
  "T": {
    "T[0,0]": 42.23898618506661,
    "T[1,0]": 41.85408377565975
  },
  "A": {
    "A[0]": 36.71481927944483,
    "A[1]": 42.29649639275665
  },
  "B": {
    "B[0]": 42.23898618506661,
    "B[1]": 41.85408377565975
  },
  "L_w": 60,
  "L_d": 120,
  "staff_velocity": 0.58,
  "drone_velocity": 0.83,
  "num_staff": 2,
  "num_drone": 2,
  "use_ejection": false,
  "use_inter": false,
  "use_intra": false,
  "solver": "GUROBI",
  "solver_log": false,
  "num_worker": -1,
  "time_limit": 18000,
  "model_params": {},
  "Optimal": 42.29649639198872,
  "Time": 18002.18932533264,
  "num_constraint": 1212,
  "Number of variables": 18693,
  "status": "FEASIBLE"
}