{
  "x": {
    "x[1,13,0]": 1.0,
    "x[11,15,0]": 1.0,
    "x[13,11,0]": 1.0,
    "x[15,21,0]": 1.0,
    "x[0,1,0]": 1.0,
    "x[7,19,1]": 1.0,
    "x[9,21,1]": 1.0,
    "x[19,9,1]": 1.0,
    "x[0,7,1]": 1.0
  },
  "y": {
    "y[2,8,0,0]": 1.0,
    "y[3,2,0,0]": 1.0,
    "y[8,20,0,0]": 1.0,
    "y[16,17,0,0]": 1.0,
    "y[17,3,0,0]": 1.0,
    "y[20,21,0,0]": 1.0,
    "y[0,16,0,0]": 1.0,
    "y[4,21,1,0]": 1.0,
    "y[5,14,1,0]": 1.0,
    "y[6,12,1,0]": 1.0,
    "y[10,6,1,0]": 1.0,
    "y[12,5,1,0]": 1.0,
    "y[14,18,1,0]": 1.0,
    "y[18,4,1,0]": 1.0,
    "y[0,10,1,0]": 1.0
  },
  "T": {
    "T[0,0]": 20.794064383916098,
    "T[1,0]": 20.226606326958137
  },
  "A": {
    "A[0]": 19.499020868974267,
    "A[1]": 20.218508645777852
  },
  "B": {
    "B[0]": 20.794064383916098,
    "B[1]": 20.226606326958137
  },
  "L_w": 60,
  "L_d": 120,
  "staff_velocity": 0.58,
  "drone_velocity": 0.83,
  "num_staff": 2,
  "num_drone": 2,
  "use_ejection": false,
  "use_inter": false,
  "use_intra": false,
  "solver": "GUROBI",
  "solver_log": false,
  "num_worker": -1,
  "time_limit": 18000,
  "model_params": {},
  "Optimal": 20.79406438173669,
  "Time": 18001.677755355835,
  "num_constraint": 1212,
  "Number of variables": 18693,
  "status": "FEASIBLE"
}