{
  "x": {
    "x[2,21,0]": 1.0,
    "x[16,20,0]": 1.0,
    "x[20,2,0]": 1.0,
    "x[0,16,0]": 1.0,
    "x[4,7,1]": 1.0,
    "x[7,18,1]": 1.0,
    "x[8,4,1]": 1.0,
    "x[18,21,1]": 1.0,
    "x[0,8,1]": 1.0
  },
  "y": {
    "y[3,10,0,0]": 1.0,
    "y[6,21,0,0]": 1.0,
    "y[10,6,0,0]": 1.0,
    "y[11,13,0,0]": 1.0,
    "y[13,3,0,0]": 1.0,
    "y[0,11,0,0]": 1.0,
    "y[1,14,1,0]": 1.0,
    "y[5,19,1,0]": 1.0,
    "y[9,17,1,0]": 1.0,
    "y[12,9,1,0]": 1.0,
    "y[14,21,1,0]": 1.0,
    "y[15,5,1,0]": 1.0,
    "y[17,1,1,0]": 1.0,
    "y[19,12,1,0]": 1.0,
    "y[0,15,1,0]": 1.0
  },
  "T": {
    "T[0,0]": 20.657667084314188,
    "T[1,0]": 20.684496472703152
  },
  "A": {
    "A[0]": 19.011582102226836,
    "A[1]": 20.45355044888705
  },
  "B": {
    "B[0]": 20.657667084314188,
    "B[1]": 20.684496472703152
  },
  "L_w": 60,
  "L_d": 120,
  "staff_velocity": 0.58,
  "drone_velocity": 0.83,
  "num_staff": 2,
  "num_drone": 2,
  "use_ejection": false,
  "use_inter": false,
  "use_intra": false,
  "solver": "GUROBI",
  "solver_log": false,
  "num_worker": -1,
  "time_limit": 18000,
  "model_params": {},
  "Optimal": 20.684496472703152,
  "Time": 18002.617336273193,
  "num_constraint": 1212,
  "Number of variables": 18693,
  "status": "FEASIBLE"
}