{
  "x": {
    "x[10,11,0]": 1.0,
    "x[11,21,0]": 1.0,
    "x[0,10,0]": 1.0,
    "x[7,21,1]": 1.0,
    "x[8,7,1]": 1.0,
    "x[9,8,1]": 1.0,
    "x[13,9,1]": 1.0,
    "x[0,13,1]": 1.0
  },
  "y": {
    "y[1,2,0,0]": 1.0,
    "y[2,17,0,0]": 1.0,
    "y[4,5,0,0]": 1.0,
    "y[5,21,0,0]": 1.0,
    "y[6,20,0,0]": 1.0,
    "y[17,6,0,0]": 1.0,
    "y[20,4,0,0]": 1.0,
    "y[0,1,0,0]": 1.0,
    "y[3,16,1,0]": 1.0,
    "y[12,21,1,0]": 1.0,
    "y[14,18,1,0]": 1.0,
    "y[15,12,1,0]": 1.0,
    "y[16,15,1,0]": 1.0,
    "y[18,3,1,0]": 1.0,
    "y[19,14,1,0]": 1.0,
    "y[0,19,1,0]": 1.0
  },
  "T": {
    "T[0,0]": 10.300459770141114,
    "T[1,0]": 9.203506725783575
  },
  "A": {
    "A[0]": 10.11411088531696,
    "A[1]": 9.666456366320114
  },
  "B": {
    "B[0]": 10.300459770141114,
    "B[1]": 9.203506725783575
  },
  "L_w": 60,
  "L_d": 120,
  "staff_velocity": 0.58,
  "drone_velocity": 0.83,
  "num_staff": 2,
  "num_drone": 2,
  "use_ejection": false,
  "use_inter": false,
  "use_intra": false,
  "solver": "GUROBI",
  "solver_log": false,
  "num_worker": -1,
  "time_limit": 18000,
  "model_params": {},
  "Optimal": 10.300459770141114,
  "Time": 18001.528074264526,
  "num_constraint": 1212,
  "Number of variables": 18693,
  "status": "FEASIBLE"
}