{
  "x": {
    "x[2,7,0]": 1.0,
    "x[7,16,0]": 1.0,
    "x[16,21,0]": 1.0,
    "x[0,2,0]": 1.0,
    "x[1,12,1]": 1.0,
    "x[8,21,1]": 1.0,
    "x[10,17,1]": 1.0,
    "x[12,10,1]": 1.0,
    "x[17,8,1]": 1.0,
    "x[0,1,1]": 1.0
  },
  "y": {
    "y[4,9,0,0]": 1.0,
    "y[6,11,0,0]": 1.0,
    "y[9,19,0,0]": 1.0,
    "y[11,21,0,0]": 1.0,
    "y[14,4,0,0]": 1.0,
    "y[15,14,0,0]": 1.0,
    "y[19,6,0,0]": 1.0,
    "y[0,15,0,0]": 1.0,
    "y[3,18,1,0]": 1.0,
    "y[5,13,1,0]": 1.0,
    "y[13,3,1,0]": 1.0,
    "y[18,21,1,0]": 1.0,
    "y[20,5,1,0]": 1.0,
    "y[0,20,1,0]": 1.0
  },
  "T": {
    "T[0,0]": 9.263749463237804,
    "T[1,0]": 8.994818455632412
  },
  "A": {
    "A[0]": 9.332257646314773,
    "A[1]": 8.367463835407733
  },
  "B": {
    "B[0]": 9.263749463237804,
    "B[1]": 8.994818455632412
  },
  "L_w": 60,
  "L_d": 120,
  "staff_velocity": 0.58,
  "drone_velocity": 0.83,
  "num_staff": 2,
  "num_drone": 2,
  "use_ejection": false,
  "use_inter": false,
  "use_intra": false,
  "solver": "GUROBI",
  "solver_log": false,
  "num_worker": -1,
  "time_limit": 18000,
  "model_params": {},
  "Optimal": 9.332257646314773,
  "Time": 18001.733882904053,
  "num_constraint": 1212,
  "Number of variables": 18693,
  "status": "FEASIBLE"
}