{
  "x": {
    "x[15,21,0]": 1.0,
    "x[16,19,0]": 1.0,
    "x[19,15,0]": 1.0,
    "x[0,16,0]": 1.0,
    "x[3,21,1]": 1.0,
    "x[5,3,1]": 1.0,
    "x[7,5,1]": 1.0,
    "x[0,7,1]": 1.0
  },
  "y": {
    "y[2,17,0,0]": 1.0,
    "y[4,2,0,0]": 1.0,
    "y[6,8,0,0]": 1.0,
    "y[8,12,0,0]": 1.0,
    "y[12,21,0,0]": 1.0,
    "y[17,6,0,0]": 1.0,
    "y[0,4,0,0]": 1.0,
    "y[1,9,1,0]": 1.0,
    "y[9,14,1,0]": 1.0,
    "y[10,1,1,0]": 1.0,
    "y[11,18,1,0]": 1.0,
    "y[13,20,1,0]": 1.0,
    "y[14,13,1,0]": 1.0,
    "y[18,10,1,0]": 1.0,
    "y[20,21,1,0]": 1.0,
    "y[0,11,1,0]": 1.0
  },
  "T": {
    "T[0,0]": 10.642973249424866,
    "T[1,0]": 10.330004733038859
  },
  "A": {
    "A[0]": 8.824869207648213,
    "A[1]": 10.107223038224948
  },
  "B": {
    "B[0]": 10.642973249424866,
    "B[1]": 10.330004733038859
  },
  "L_w": 60,
  "L_d": 120,
  "staff_velocity": 0.58,
  "drone_velocity": 0.83,
  "num_staff": 2,
  "num_drone": 2,
  "use_ejection": false,
  "use_inter": false,
  "use_intra": false,
  "solver": "GUROBI",
  "solver_log": false,
  "num_worker": -1,
  "time_limit": 18000,
  "model_params": {},
  "Optimal": 10.642973249424864,
  "Time": 18003.48491668701,
  "num_constraint": 1212,
  "Number of variables": 18693,
  "status": "FEASIBLE"
}