{
  "x": {
    "x[2,21,0]": 1.0,
    "x[12,17,0]": 1.0,
    "x[13,15,0]": 1.0,
    "x[15,2,0]": 1.0,
    "x[17,13,0]": 1.0,
    "x[18,12,0]": 1.0,
    "x[0,18,0]": 1.0,
    "x[1,11,1]": 1.0,
    "x[4,6,1]": 1.0,
    "x[6,14,1]": 1.0,
    "x[8,1,1]": 1.0,
    "x[11,19,1]": 1.0,
    "x[14,8,1]": 1.0,
    "x[19,20,1]": 1.0,
    "x[20,21,1]": 1.0,
    "x[0,4,1]": 1.0
  },
  "y": {
    "y[5,10,0,0]": 1.0,
    "y[9,5,0,0]": 1.0,
    "y[10,21,0,0]": 1.0,
    "y[0,9,0,0]": 1.0,
    "y[3,16,1,0]": 1.0,
    "y[7,21,1,0]": 1.0,
    "y[16,7,1,0]": 1.0,
    "y[0,3,1,0]": 1.0
  },
  "T": {
    "T[0,0]": 21.188693556444385,
    "T[1,0]": 21.193390446352566
  },
  "A": {
    "A[0]": 20.72515472901198,
    "A[1]": 21.171361703886724
  },
  "B": {
    "B[0]": 21.188693556444385,
    "B[1]": 21.193390446352566
  },
  "L_w": 60,
  "L_d": 120,
  "staff_velocity": 0.58,
  "drone_velocity": 0.83,
  "num_staff": 2,
  "num_drone": 2,
  "use_ejection": false,
  "use_inter": false,
  "use_intra": false,
  "solver": "GUROBI",
  "solver_log": false,
  "num_worker": -1,
  "time_limit": 18000,
  "model_params": {},
  "Optimal": 21.193390446352566,
  "Time": 18001.538816452026,
  "num_constraint": 1212,
  "Number of variables": 18693,
  "status": "FEASIBLE"
}