{
  "x": {
    "x[10,17,0]": 1.0,
    "x[17,21,0]": 1.0,
    "x[0,10,0]": 1.0,
    "x[1,21,1]": 1.0,
    "x[2,1,1]": 1.0,
    "x[0,2,1]": 1.0
  },
  "y": {
    "y[5,21,0,0]": 1.0,
    "y[8,14,0,0]": 1.0,
    "y[12,15,0,0]": 1.0,
    "y[13,20,0,0]": 1.0,
    "y[14,18,0,0]": 1.0,
    "y[15,13,0,0]": 1.0,
    "y[18,5,0,0]": 1.0,
    "y[20,8,0,0]": 1.0,
    "y[0,12,0,0]": 1.0,
    "y[3,4,1,0]": 1.0,
    "y[4,11,1,0]": 1.0,
    "y[6,16,1,0]": 1.0,
    "y[7,9,1,0]": 1.0,
    "y[9,21,1,0]": 1.0,
    "y[11,6,1,0]": 1.0,
    "y[16,7,1,0]": 1.0,
    "y[19,3,1,0]": 1.0,
    "y[0,19,1,0]": 1.0
  },
  "T": {
    "T[0,0]": 39.093444943763565,
    "T[1,0]": 38.17536171423255
  },
  "A": {
    "A[0]": 39.40074398723549,
    "A[1]": 35.56937733659814
  },
  "B": {
    "B[0]": 39.093444943763565,
    "B[1]": 38.17536171423255
  },
  "L_w": 60,
  "L_d": 120,
  "staff_velocity": 0.58,
  "drone_velocity": 0.83,
  "num_staff": 2,
  "num_drone": 2,
  "use_ejection": false,
  "use_inter": false,
  "use_intra": false,
  "solver": "GUROBI",
  "solver_log": false,
  "num_worker": -1,
  "time_limit": 18000,
  "model_params": {},
  "Optimal": 39.400743983195404,
  "Time": 18001.87430381775,
  "num_constraint": 1212,
  "Number of variables": 18693,
  "status": "FEASIBLE"
}