{
  "x": {
    "x[16,21,0]": 1.0,
    "x[20,16,0]": 1.0,
    "x[0,20,0]": 1.0,
    "x[3,9,1]": 1.0,
    "x[8,3,1]": 1.0,
    "x[9,12,1]": 1.0,
    "x[12,21,1]": 1.0,
    "x[0,8,1]": 1.0
  },
  "y": {
    "y[2,5,0,0]": 1.0,
    "y[5,13,0,0]": 1.0,
    "y[7,21,0,0]": 1.0,
    "y[10,2,0,0]": 1.0,
    "y[11,10,0,0]": 1.0,
    "y[13,7,0,0]": 1.0,
    "y[17,11,0,0]": 1.0,
    "y[0,17,0,0]": 1.0,
    "y[1,6,1,0]": 1.0,
    "y[4,18,1,0]": 1.0,
    "y[6,14,1,0]": 1.0,
    "y[14,15,1,0]": 1.0,
    "y[15,19,1,0]": 1.0,
    "y[18,21,1,0]": 1.0,
    "y[19,4,1,0]": 1.0,
    "y[0,1,1,0]": 1.0
  },
  "T": {
    "T[0,0]": 39.72037666416448,
    "T[1,0]": 41.651922024100514
  },
  "A": {
    "A[0]": 35.07561154401964,
    "A[1]": 42.389566529299735
  },
  "B": {
    "B[0]": 39.72037666416448,
    "B[1]": 41.651922024100514
  },
  "L_w": 60,
  "L_d": 120,
  "staff_velocity": 0.58,
  "drone_velocity": 0.83,
  "num_staff": 2,
  "num_drone": 2,
  "use_ejection": false,
  "use_inter": false,
  "use_intra": false,
  "solver": "GUROBI",
  "solver_log": false,
  "num_worker": -1,
  "time_limit": 18000,
  "model_params": {},
  "Optimal": 42.38956652849428,
  "Time": 18001.850088119507,
  "num_constraint": 1212,
  "Number of variables": 18693,
  "status": "FEASIBLE"
}