{
  "x": {
    "x[1,6,0]": 1.0000000004092862,
    "x[4,1,0]": 1.0,
    "x[6,21,0]": 1.0000000004092862,
    "x[11,12,0]": 1.0,
    "x[12,4,0]": 1.0000000004092862,
    "x[16,11,0]": 1.0000000004092862,
    "x[18,16,0]": 1.0,
    "x[0,18,0]": 1.0,
    "x[2,14,1]": 1.0,
    "x[14,19,1]": 1.0,
    "x[19,21,1]": 1.0,
    "x[0,2,1]": 1.0
  },
  "y": {
    "y[7,17,0,0]": 1.0,
    "y[10,21,0,0]": 1.0,
    "y[13,10,0,0]": 1.0,
    "y[17,20,0,0]": 1.0,
    "y[18,21,0,0]": 4.092861269961343e-10,
    "y[20,13,0,0]": 1.0,
    "y[0,7,0,0]": 1.0,
    "y[0,18,0,0]": 4.092861269961343e-10,
    "y[3,21,1,0]": 1.0,
    "y[5,9,1,0]": 1.0,
    "y[8,3,1,0]": 1.0,
    "y[9,8,1,0]": 1.0,
    "y[15,5,1,0]": 1.0,
    "y[15,21,1,0]": 4.0928616051871813e-10,
    "y[0,15,1,0]": 1.0000000004092862,
    "y[2,19,1,3]": 4.092861269961343e-10,
    "y[19,2,1,3]": 4.092861269961343e-10
  },
  "T": {
    "T[0,0]": 8.670173849314862,
    "T[1,0]": 8.550365267401666,
    "T[1,3]": 7.73779065577976e-10
  },
  "A": {
    "A[0]": 8.506448955223064,
    "A[1]": 7.84173809292159
  },
  "B": {
    "B[0]": 8.670173849314862,
    "B[1]": 8.550365267399505
  },
  "L_w": 60,
  "L_d": 120,
  "staff_velocity": 0.58,
  "drone_velocity": 0.83,
  "num_staff": 2,
  "num_drone": 2,
  "use_ejection": false,
  "use_inter": false,
  "use_intra": false,
  "solver": "GUROBI",
  "solver_log": false,
  "num_worker": -1,
  "time_limit": 18000,
  "model_params": {},
  "Optimal": 8.67017384931486,
  "Time": 18002.832830429077,
  "num_constraint": 1212,
  "Number of variables": 18693,
  "status": "FEASIBLE"
}