{
  "x": {
    "x[3,20,0]": 1.0,
    "x[7,21,0]": 1.0,
    "x[9,3,0]": 1.0,
    "x[14,7,0]": 1.0,
    "x[20,14,0]": 1.0,
    "x[0,9,0]": 1.0,
    "x[1,19,1]": 1.0,
    "x[6,21,1]": 1.0,
    "x[11,1,1]": 1.0,
    "x[13,11,1]": 1.0,
    "x[19,6,1]": 1.0,
    "x[0,13,1]": 1.0
  },
  "y": {
    "y[2,8,0,0]": 1.0,
    "y[8,12,0,0]": 1.0,
    "y[12,17,0,0]": 1.0,
    "y[17,18,0,0]": 1.0,
    "y[18,21,0,0]": 1.0,
    "y[0,2,0,0]": 1.0,
    "y[4,21,1,0]": 1.0,
    "y[5,4,1,0]": 1.0,
    "y[10,16,1,0]": 1.0,
    "y[15,10,1,0]": 1.0,
    "y[16,5,1,0]": 1.0,
    "y[0,15,1,0]": 1.0
  },
  "T": {
    "T[0,0]": 23.694983904687938,
    "T[1,0]": 21.15653657107639
  },
  "A": {
    "A[0]": 23.63551937186252,
    "A[1]": 23.642954867472575
  },
  "B": {
    "B[0]": 23.694983904687938,
    "B[1]": 21.15653657107639
  },
  "L_w": 60,
  "L_d": 120,
  "staff_velocity": 0.58,
  "drone_velocity": 0.83,
  "num_staff": 2,
  "num_drone": 2,
  "use_ejection": false,
  "use_inter": false,
  "use_intra": false,
  "solver": "GUROBI",
  "solver_log": false,
  "num_worker": -1,
  "time_limit": 18000,
  "model_params": {},
  "Optimal": 23.694983904687934,
  "Time": 18010.473608016968,
  "num_constraint": 1212,
  "Number of variables": 18693,
  "status": "FEASIBLE"
}