{
  "x": {
    "x[3,6,0]": 1.0,
    "x[6,11,0]": 1.0,
    "x[0,3,0]": 1.0,
    "x[1,2,1]": 1.0,
    "x[2,11,1]": 1.0,
    "x[0,1,1]": 1.0
  },
  "y": {
    "y[7,11,0,0]": 1.0,
    "y[9,7,0,0]": 1.0,
    "y[0,9,0,0]": 1.0,
    "y[4,11,1,0]": 1.0,
    "y[5,8,1,0]": 1.0,
    "y[8,10,1,0]": 1.0,
    "y[10,4,1,0]": 1.0,
    "y[0,5,1,0]": 1.0
  },
  "T": {
    "T[0,0]": 25.718548280505253,
    "T[1,0]": 34.837941304188476
  },
  "A": {
    "A[0]": 34.70313101086354,
    "A[1]": 35.68932354111509
  },
  "B": {
    "B[0]": 25.718548280505253,
    "B[1]": 34.837941304188476
  },
  "L_w": 60,
  "L_d": 120,
  "staff_velocity": 0.58,
  "drone_velocity": 0.83,
  "num_staff": 2,
  "num_drone": 2,
  "use_ejection": false,
  "use_inter": false,
  "use_intra": false,
  "solver": "GUROBI",
  "solver_log": false,
  "num_worker": -1,
  "time_limit": 18000,
  "model_params": {},
  "Optimal": 35.689323541114966,
  "Time": 27.60900115966797,
  "num_constraint": 412,
  "Number of variables": 2753,
  "status": "OPTIMAL"
}