{
  "x": {
    "x[1,7,0]": 1.0,
    "x[7,11,0]": 1.0,
    "x[0,1,0]": 1.0,
    "x[6,8,1]": 1.0,
    "x[8,11,1]": 1.0,
    "x[0,6,1]": 1.0
  },
  "y": {
    "y[3,11,0,0]": 1.0,
    "y[9,3,0,0]": 1.0,
    "y[0,9,0,0]": 1.0,
    "y[2,10,1,0]": 1.0,
    "y[4,2,1,0]": 1.0,
    "y[5,4,1,0]": 1.0,
    "y[10,11,1,0]": 1.0,
    "y[0,5,1,0]": 1.0
  },
  "T": {
    "T[0,0]": 15.926132516673796,
    "T[1,0]": 13.973069390132784
  },
  "A": {
    "A[0]": 13.23593348587412,
    "A[1]": 13.70356976391705
  },
  "B": {
    "B[0]": 15.926132516673796,
    "B[1]": 13.973069390132784
  },
  "L_w": 60,
  "L_d": 120,
  "staff_velocity": 0.58,
  "drone_velocity": 0.83,
  "num_staff": 2,
  "num_drone": 2,
  "use_ejection": false,
  "use_inter": false,
  "use_intra": false,
  "solver": "GUROBI",
  "solver_log": false,
  "num_worker": -1,
  "time_limit": 18000,
  "model_params": {},
  "Optimal": 15.926132516673796,
  "Time": 16.920000076293945,
  "num_constraint": 412,
  "Number of variables": 2753,
  "status": "OPTIMAL"
}