{
  "x": {
    "x[6,9,0]": 1.0,
    "x[8,11,0]": 4.2674197509029455e-16,
    "x[9,8,0]": 4.2674197509029455e-16,
    "x[9,11,0]": 0.9999999999999996,
    "x[0,6,0]": 1.0,
    "x[8,11,1]": 0.9999999999999996,
    "x[0,8,1]": 0.9999999999999996
  },
  "y": {
    "y[1,3,0,0]": 1.0,
    "y[2,11,0,0]": 1.0,
    "y[3,10,0,0]": 1.0,
    "y[10,2,0,0]": 1.0,
    "y[0,1,0,0]": 1.0,
    "y[4,5,1,0]": 1.0,
    "y[5,7,1,0]": 1.0,
    "y[7,11,1,0]": 1.0,
    "y[0,4,1,0]": 1.0
  },
  "T": {
    "T[0,0]": 17.523600401926817,
    "T[1,0]": 16.312878028450893
  },
  "A": {
    "A[0]": 13.10258559884878,
    "A[1]": 17.901555346887598
  },
  "B": {
    "B[0]": 17.523600401926817,
    "B[1]": 16.312878028450893
  },
  "L_w": 60,
  "L_d": 120,
  "staff_velocity": 0.58,
  "drone_velocity": 0.83,
  "num_staff": 2,
  "num_drone": 2,
  "use_ejection": false,
  "use_inter": false,
  "use_intra": false,
  "solver": "GUROBI",
  "solver_log": false,
  "num_worker": -1,
  "time_limit": 18000,
  "model_params": {},
  "Optimal": 17.901555346887598,
  "Time": 8.579002380371094,
  "num_constraint": 412,
  "Number of variables": 2753,
  "status": "OPTIMAL"
}