{
  "x": {
    "x[2,11,0]": 1.0,
    "x[8,11,0]": 3.4052102142780284e-13,
    "x[0,2,0]": 1.0,
    "x[0,8,0]": 3.4052102142780284e-13,
    "x[9,11,1]": 1.0,
    "x[0,9,1]": 1.0
  },
  "y": {
    "y[3,8,0,0]": 0.9999999999996595,
    "y[3,11,0,0]": 3.405054016525355e-13,
    "y[7,3,0,0]": 1.0,
    "y[8,11,0,0]": 0.9999999999996595,
    "y[0,7,0,0]": 1.0,
    "y[1,4,1,0]": 1.0,
    "y[4,5,1,0]": 1.0,
    "y[5,11,1,0]": 1.0,
    "y[6,10,1,0]": 1.0,
    "y[10,1,1,0]": 1.0,
    "y[0,6,1,0]": 1.0
  },
  "T": {
    "T[0,0]": 17.523793530615475,
    "T[1,0]": 17.41571269622794
  },
  "A": {
    "A[0]": 18.093468664455546,
    "A[1]": 15.014139143352546
  },
  "B": {
    "B[0]": 17.523793530615475,
    "B[1]": 17.41571269622794
  },
  "L_w": 60,
  "L_d": 120,
  "staff_velocity": 0.58,
  "drone_velocity": 0.83,
  "num_staff": 2,
  "num_drone": 2,
  "use_ejection": false,
  "use_inter": false,
  "use_intra": false,
  "solver": "GUROBI",
  "solver_log": false,
  "num_worker": -1,
  "time_limit": 18000,
  "model_params": {},
  "Optimal": 18.09346866445554,
  "Time": 5.600000381469727,
  "num_constraint": 412,
  "Number of variables": 2753,
  "status": "OPTIMAL"
}