{
  "x": {
    "x[1,5,0]": 1.0,
    "x[4,11,0]": 1.0,
    "x[5,4,0]": 1.0,
    "x[0,1,0]": 1.0,
    "x[3,11,1]": 1.0,
    "x[0,3,1]": 1.0
  },
  "y": {
    "y[6,7,0,0]": 1.0,
    "y[7,11,0,0]": 1.0,
    "y[0,6,0,0]": 1.0,
    "y[2,8,1,0]": 1.0,
    "y[8,9,1,0]": 1.0,
    "y[9,11,1,0]": 1.0,
    "y[10,2,1,0]": 1.0,
    "y[0,10,1,0]": 1.0
  },
  "T": {
    "T[0,0]": 7.603525434874734,
    "T[1,0]": 8.94731249790351
  },
  "A": {
    "A[0]": 8.911526818518837,
    "A[1]": 6.964759430640961
  },
  "B": {
    "B[0]": 7.603525434874734,
    "B[1]": 8.94731249790351
  },
  "L_w": 60,
  "L_d": 120,
  "staff_velocity": 0.58,
  "drone_velocity": 0.83,
  "num_staff": 2,
  "num_drone": 2,
  "use_ejection": false,
  "use_inter": false,
  "use_intra": false,
  "solver": "GUROBI",
  "solver_log": false,
  "num_worker": -1,
  "time_limit": 18000,
  "model_params": {},
  "Optimal": 8.94731249790351,
  "Time": 11.567998886108398,
  "num_constraint": 412,
  "Number of variables": 2753,
  "status": "OPTIMAL"
}