{
  "x": {
    "x[4,11,0]": 1.0,
    "x[0,4,0]": 1.0,
    "x[5,11,1]": 1.0,
    "x[6,5,1]": 1.0,
    "x[0,6,1]": 1.0
  },
  "y": {
    "y[2,11,0,0]": 1.0,
    "y[10,2,0,0]": 1.0,
    "y[0,10,0,0]": 1.0,
    "y[1,8,1,0]": 1.0,
    "y[3,11,1,0]": 1.0,
    "y[7,3,1,0]": 1.0,
    "y[8,7,1,0]": 1.0,
    "y[9,1,1,0]": 1.0,
    "y[0,9,1,0]": 1.0
  },
  "T": {
    "T[0,0]": 8.449213302090616,
    "T[1,0]": 8.026204697183445
  },
  "A": {
    "A[0]": 8.239341960744662,
    "A[1]": 6.480464561324697
  },
  "B": {
    "B[0]": 8.449213302090616,
    "B[1]": 8.026204697183445
  },
  "L_w": 60,
  "L_d": 120,
  "staff_velocity": 0.58,
  "drone_velocity": 0.83,
  "num_staff": 2,
  "num_drone": 2,
  "use_ejection": false,
  "use_inter": false,
  "use_intra": false,
  "solver": "GUROBI",
  "solver_log": false,
  "num_worker": -1,
  "time_limit": 18000,
  "model_params": {},
  "Optimal": 8.449213302090612,
  "Time": 16.573997497558594,
  "num_constraint": 412,
  "Number of variables": 2753,
  "status": "OPTIMAL"
}