{
  "x": {
    "x[10,11,0]": 1.0,
    "x[0,10,0]": 1.0,
    "x[2,11,1]": 0.9999999997587059,
    "x[9,2,1]": 0.9999999997587059,
    "x[0,9,1]": 0.9999999997587059
  },
  "y": {
    "y[1,5,0,0]": 1.0000000000139313,
    "y[5,7,0,0]": 0.9999999999284492,
    "y[7,11,0,0]": 0.9999999999284492,
    "y[0,1,0,0]": 1.0,
    "y[1,11,0,2]": 1.3931357064321638e-11,
    "y[2,11,0,2]": 1.1658609222382076e-11,
    "y[0,1,0,2]": 1.3931357064321638e-11,
    "y[4,11,0,3]": 2.558996628670371e-11,
    "y[5,4,0,3]": 2.5589966286703714e-11,
    "y[0,10,0,3]": 2.5589974583795083e-11,
    "y[1,5,0,4]": 5.7619410513824427e-11,
    "y[4,11,0,4]": 5.7619410513824427e-11,
    "y[5,4,0,4]": 5.7619410513824427e-11,
    "y[0,7,0,4]": 5.7619464755021e-11,
    "y[3,8,1,0]": 0.9999999998889278,
    "y[3,11,1,0]": 1.1107215147632132e-10,
    "y[4,6,1,0]": 0.9999999999999997,
    "y[6,3,1,0]": 1.0,
    "y[8,11,1,0]": 0.9999999998889278,
    "y[0,4,1,0]": 0.9999999999999997,
    "y[2,9,1,1]": 3.267761616854159e-10,
    "y[8,4,1,1]": 1.1107209922626278e-10,
    "y[9,2,1,1]": 2.412940850175568e-10,
    "y[0,8,1,1]": 1.1107209922626278e-10,
    "y[8,10,1,2]": 5.7619464755021e-11,
    "y[0,4,1,2]": 5.7619464755021e-11,
    "y[2,7,1,4]": 7.155076531262239e-11,
    "y[7,1,1,4]": 7.155076531262239e-11
  },
  "T": {
    "T[0,0]": 32.01064147845058,
    "T[0,3]": 6.873225717872239e-10,
    "T[0,4]": 1.555884595198351e-09,
    "T[1,0]": 32.2293804292661,
    "T[1,4]": 1.224705965913744e-09
  },
  "A": {
    "A[0]": 24.461035447958704,
    "A[1]": 32.591088549475685
  },
  "B": {
    "B[0]": 32.010641480693785,
    "B[1]": 32.22938042985801
  },
  "L_w": 60,
  "L_d": 120,
  "staff_velocity": 0.58,
  "drone_velocity": 0.83,
  "num_staff": 2,
  "num_drone": 2,
  "use_ejection": false,
  "use_inter": false,
  "use_intra": false,
  "solver": "GUROBI",
  "solver_log": false,
  "num_worker": -1,
  "time_limit": 18000,
  "model_params": {},
  "Optimal": 32.591088549475685,
  "Time": 16.35890007019043,
  "num_constraint": 412,
  "Number of variables": 2753,
  "status": "OPTIMAL"
}