{
  "x": {
    "x[3,11,0]": 1.0,
    "x[10,3,0]": 1.0,
    "x[0,10,0]": 1.0,
    "x[1,8,1]": 1.0,
    "x[8,11,1]": 1.0,
    "x[0,1,1]": 1.0
  },
  "y": {
    "y[6,11,0,0]": 1.0,
    "y[0,6,0,0]": 1.0,
    "y[2,7,1,0]": 1.0,
    "y[4,2,1,0]": 1.0,
    "y[5,9,1,0]": 1.0,
    "y[7,11,1,0]": 1.0,
    "y[9,4,1,0]": 1.0,
    "y[0,5,1,0]": 1.0
  },
  "T": {
    "T[0,0]": 15.368062760217242,
    "T[1,0]": 19.71343849168866
  },
  "A": {
    "A[0]": 18.74164338133259,
    "A[1]": 19.688419554723062
  },
  "B": {
    "B[0]": 15.368062760217242,
    "B[1]": 19.71343849168866
  },
  "L_w": 60,
  "L_d": 120,
  "staff_velocity": 0.58,
  "drone_velocity": 0.83,
  "num_staff": 2,
  "num_drone": 2,
  "use_ejection": false,
  "use_inter": false,
  "use_intra": false,
  "solver": "GUROBI",
  "solver_log": false,
  "num_worker": -1,
  "time_limit": 18000,
  "model_params": {},
  "Optimal": 19.71343849168866,
  "Time": 10.02199935913086,
  "num_constraint": 412,
  "Number of variables": 2753,
  "status": "OPTIMAL"
}