{
  "x": {
    "x[6,11,0]": 1.0,
    "x[0,6,0]": 1.0,
    "x[2,3,1]": 0.9999999999999999,
    "x[2,11,1]": 5.551115123125783e-17,
    "x[3,11,1]": 1.0,
    "x[0,2,1]": 1.0
  },
  "y": {
    "y[5,11,0,0]": 1.0,
    "y[7,5,0,0]": 1.0,
    "y[8,7,0,0]": 1.0,
    "y[0,8,0,0]": 1.0,
    "y[1,11,1,0]": 1.0,
    "y[4,10,1,0]": 1.0,
    "y[9,1,1,0]": 1.0,
    "y[10,9,1,0]": 1.0,
    "y[0,4,1,0]": 1.0
  },
  "T": {
    "T[0,0]": 8.41243095489788,
    "T[1,0]": 8.97595427103025
  },
  "A": {
    "A[0]": 9.31131328912193,
    "A[1]": 7.511271277266337
  },
  "B": {
    "B[0]": 8.41243095489788,
    "B[1]": 8.97595427103025
  },
  "L_w": 60,
  "L_d": 120,
  "staff_velocity": 0.58,
  "drone_velocity": 0.83,
  "num_staff": 2,
  "num_drone": 2,
  "use_ejection": false,
  "use_inter": false,
  "use_intra": false,
  "solver": "GUROBI",
  "solver_log": false,
  "num_worker": -1,
  "time_limit": 18000,
  "model_params": {},
  "Optimal": 9.31131328788036,
  "Time": 15.028997421264648,
  "num_constraint": 412,
  "Number of variables": 2753,
  "status": "OPTIMAL"
}