{
  "x": {
    "x[1,2,0]": 1.0000000003271072,
    "x[2,11,0]": 1.0,
    "x[4,1,0]": 1.0,
    "x[0,4,0]": 1.0000000004906608,
    "x[1,11,1]": 3.271072301913591e-10,
    "x[3,11,1]": 0.9999999996728928,
    "x[0,1,1]": 3.271072301913591e-10,
    "x[0,3,1]": 0.9999999996728928
  },
  "y": {
    "y[5,8,0,0]": 1.0,
    "y[6,11,0,0]": 1.0,
    "y[8,6,0,0]": 1.0,
    "y[0,5,0,0]": 1.0,
    "y[2,1,0,8]": 3.22503483380491e-11,
    "y[7,10,1,0]": 1.0,
    "y[9,7,1,0]": 1.0,
    "y[10,11,1,0]": 1.0,
    "y[0,9,1,0]": 1.0,
    "y[3,4,1,5]": 1.6355359413077088e-10,
    "y[3,11,1,5]": 1.6355361509567956e-10,
    "y[4,3,1,5]": 3.2710720922645047e-10,
    "y[0,4,1,5]": 1.6355361509567959e-10,
    "y[3,11,1,6]": 1.6355359413077088e-10,
    "y[0,4,1,6]": 1.6355359413077088e-10,
    "y[1,11,1,7]": 1.6355359413077086e-10,
    "y[3,4,1,7]": 1.6355359413077086e-10,
    "y[0,1,1,7]": 1.6355359413077086e-10
  },
  "T": {
    "T[0,0]": 9.779864847973169,
    "T[1,0]": 9.661009665609514,
    "T[1,5]": 1.7508312766051513e-09,
    "T[1,6]": 6.338895102707257e-10
  },
  "A": {
    "A[0]": 7.366906089104972,
    "A[1]": 9.85647236939669
  },
  "B": {
    "B[0]": 9.779864847905067,
    "B[1]": 9.661009667821567
  },
  "L_w": 60,
  "L_d": 120,
  "staff_velocity": 0.58,
  "drone_velocity": 0.83,
  "num_staff": 2,
  "num_drone": 2,
  "use_ejection": false,
  "use_inter": false,
  "use_intra": false,
  "solver": "GUROBI",
  "solver_log": false,
  "num_worker": -1,
  "time_limit": 18000,
  "model_params": {},
  "Optimal": 9.85647236939669,
  "Time": 15.094999313354492,
  "num_constraint": 412,
  "Number of variables": 2753,
  "status": "OPTIMAL"
}