{
  "x": {
    "x[2,9,0]": 1.0,
    "x[9,11,0]": 1.0,
    "x[10,2,0]": 1.0,
    "x[0,10,0]": 1.0,
    "x[8,11,1]": 1.0,
    "x[0,8,1]": 1.0
  },
  "y": {
    "y[1,3,0,0]": 1.0,
    "y[3,7,0,0]": 1.0,
    "y[7,11,0,0]": 1.0,
    "y[0,1,0,0]": 1.0,
    "y[4,6,1,0]": 1.0,
    "y[5,11,1,0]": 1.0,
    "y[6,5,1,0]": 1.0,
    "y[0,4,1,0]": 1.0
  },
  "T": {
    "T[0,0]": 34.687276117509754,
    "T[1,0]": 31.7488451734646
  },
  "A": {
    "A[0]": 33.95613419494536,
    "A[1]": 30.821489347956422
  },
  "B": {
    "B[0]": 34.687276117509754,
    "B[1]": 31.7488451734646
  },
  "L_w": 60,
  "L_d": 120,
  "staff_velocity": 0.58,
  "drone_velocity": 0.83,
  "num_staff": 2,
  "num_drone": 2,
  "use_ejection": false,
  "use_inter": false,
  "use_intra": false,
  "solver": "GUROBI",
  "solver_log": false,
  "num_worker": -1,
  "time_limit": 18000,
  "model_params": {},
  "Optimal": 34.68727611750971,
  "Time": 5.684995651245117,
  "num_constraint": 412,
  "Number of variables": 2753,
  "status": "OPTIMAL"
}