{
  "x": {
    "x[1,11,0]": 0.9999999999077152,
    "x[0,1,0]": 0.9999999999077152,
    "x[7,11,1]": 1.0,
    "x[8,7,1]": 1.0,
    "x[0,8,1]": 1.0
  },
  "y": {
    "y[2,6,0,0]": 4.810490610071943e-10,
    "y[2,11,0,0]": 1.1085676820954404e-09,
    "y[3,2,0,0]": 1.5896167431026346e-09,
    "y[9,11,0,0]": 0.9999999985951447,
    "y[0,6,0,0]": 1.8666631964443687e-09,
    "y[0,9,0,0]": 0.9999999985951447,
    "y[3,6,0,1]": 1.2105649815907782e-10,
    "y[6,3,0,1]": 1.2105649815907782e-10,
    "y[9,11,0,1]": 1.2105649815907782e-10,
    "y[0,9,0,1]": 1.2105649815907782e-10,
    "y[9,11,0,2]": 1.8158474723861673e-10,
    "y[0,9,0,2]": 1.8158474723861673e-10,
    "y[3,6,0,3]": 1.81584789586394e-10,
    "y[6,2,0,3]": 1.81584789586394e-10,
    "y[9,11,0,3]": 1.8158474723861673e-10,
    "y[0,3,0,3]": 1.81584789586394e-10,
    "y[0,9,0,3]": 1.8158474723861673e-10,
    "y[3,6,0,4]": 1.8158474723861673e-10,
    "y[6,3,0,4]": 1.8158475993566744e-10,
    "y[9,11,0,4]": 1.8158474723861673e-10,
    "y[0,9,0,4]": 1.8158474723861673e-10,
    "y[3,1,0,5]": 1.1522427456611695e-10,
    "y[9,11,0,5]": 2.9680907501735197e-10,
    "y[0,9,0,5]": 2.9680907501735197e-10,
    "y[1,3,0,6]": 6.301066715785974e-11,
    "y[3,1,0,6]": 6.301066715785974e-11,
    "y[3,6,0,6]": 1.8158474723861673e-10,
    "y[6,3,0,6]": 1.8158474723861673e-10,
    "y[9,11,0,6]": 1.8158480405943356e-10,
    "y[0,9,0,6]": 1.8158480405943356e-10,
    "y[9,11,0,7]": 2.3418132590763134e-10,
    "y[0,9,0,7]": 2.3418132590763134e-10,
    "y[6,11,0,8]": 2.69817251423746e-10,
    "y[9,6,0,8]": 2.69817251423746e-10,
    "y[1,3,0,9]": 2.92740522713125e-11,
    "y[3,1,0,9]": 2.92740522713125e-11,
    "y[4,5,1,0]": 1.0,
    "y[5,11,1,0]": 1.0,
    "y[10,4,1,0]": 1.0,
    "y[0,10,1,0]": 1.0,
    "y[9,11,1,5]": 2.6469537523145962e-11,
    "y[0,9,1,5]": 2.6469537523145962e-11,
    "y[2,3,2,0]": 1.0,
    "y[3,6,2,0]": 1.0000000003269942,
    "y[6,11,2,0]": 1.0000000003269942,
    "y[0,2,2,0]": 1.0
  },
  "T": {
    "T[0,0]": 25.130687462256706,
    "T[0,1]": 3.264948442363357e-09,
    "T[0,2]": 4.563349530465209e-09,
    "T[0,3]": 6.092733181975275e-09,
    "T[0,4]": 4.897422686904615e-09,
    "T[0,5]": 5.94781639478308e-09,
    "T[0,6]": 6.13265804603401e-09,
    "T[0,7]": 5.885133434180478e-09,
    "T[0,8]": 5.766897964971927e-09,
    "T[0,9]": 5.738762624365229e-10,
    "T[1,0]": 28.338792549970716,
    "T[1,5]": 6.651976747207302e-10,
    "T[2,0]": 30.74299281140439
  },
  "A": {
    "A[0]": 30.940310166453635,
    "A[1]": 30.618848636089943
  },
  "B": {
    "B[0]": 25.13068750538154,
    "B[1]": 28.338792550635915,
    "B[2]": 30.74299281140439
  },
  "L_w": 60,
  "L_d": 120,
  "staff_velocity": 0.58,
  "drone_velocity": 0.83,
  "num_staff": 3,
  "num_drone": 3,
  "use_ejection": false,
  "use_inter": false,
  "use_intra": false,
  "solver": "GUROBI",
  "solver_log": false,
  "num_worker": -1,
  "time_limit": 18000,
  "model_params": {},
  "Optimal": 30.940310166453635,
  "Time": 98.7147216796875,
  "num_constraint": 608,
  "Number of variables": 4129,
  "status": "OPTIMAL"
}