{
  "x": {
    "x[8,11,0]": 1.0000000000000002,
    "x[0,8,0]": 1.0,
    "x[9,11,2]": 1.0,
    "x[0,9,2]": 1.0
  },
  "y": {
    "y[6,7,0,0]": 0.9999999998423841,
    "y[6,11,0,0]": 2.022619849384455e-10,
    "y[7,11,0,0]": 1.000000000044646,
    "y[0,6,0,0]": 1.000000000044646,
    "y[0,7,0,0]": 2.022619849384455e-10,
    "y[2,10,0,1]": 4.464614422108123e-11,
    "y[10,2,0,1]": 4.464614422108123e-11,
    "y[10,11,0,4]": 1.8837342796729217e-10,
    "y[2,11,1,0]": 1.0,
    "y[6,11,1,0]": 1.4372736334422598e-10,
    "y[7,6,1,0]": 1.4372736334422598e-10,
    "y[10,2,1,0]": 1.0,
    "y[0,7,1,0]": 1.4372736334422598e-10,
    "y[0,10,1,0]": 0.9999999998562726,
    "y[1,4,2,0]": 1.0,
    "y[3,5,2,0]": 1.0,
    "y[4,11,2,0]": 1.0,
    "y[5,1,2,0]": 1.0,
    "y[0,3,2,0]": 1.0,
    "y[8,11,2,3]": 5.853454094855679e-11,
    "y[0,8,2,3]": 5.853454094855679e-11,
    "y[8,11,2,4]": 1.4372736323202268e-10,
    "y[0,8,2,4]": 1.4372736323202268e-10,
    "y[10,11,2,5]": 1.4372736323202268e-10,
    "y[0,10,2,5]": 1.4372736323202268e-10,
    "y[1,4,2,9]": 2.0226190418057947e-10,
    "y[3,5,2,9]": 2.0226190418057947e-10,
    "y[4,11,2,9]": 2.0226190418057947e-10,
    "y[5,1,2,9]": 2.0226190418057947e-10,
    "y[0,3,2,9]": 2.0226190418057947e-10
  },
  "T": {
    "T[0,0]": 7.603525434920333,
    "T[0,1]": 1.7646212169602025e-10,
    "T[1,0]": 7.550976006652437,
    "T[2,0]": 6.592396347794915,
    "T[2,3]": 1.4737382386694786e-10,
    "T[2,4]": 3.6186584485957597e-10,
    "T[2,5]": 7.687659397959128e-10,
    "T[2,9]": 8.241509696915732e-10
  },
  "A": {
    "A[0]": 3.602949991440868,
    "A[2]": 4.269278376809148
  },
  "B": {
    "B[0]": 7.603525433963374,
    "B[1]": 7.550976006652437,
    "B[2]": 6.592396349897072
  },
  "L_w": 60,
  "L_d": 120,
  "staff_velocity": 0.58,
  "drone_velocity": 0.83,
  "num_staff": 3,
  "num_drone": 3,
  "use_ejection": false,
  "use_inter": false,
  "use_intra": false,
  "solver": "GUROBI",
  "solver_log": false,
  "num_worker": -1,
  "time_limit": 18000,
  "model_params": {},
  "Optimal": 7.603525433963374,
  "Time": 15.79281234741211,
  "num_constraint": 608,
  "Number of variables": 4129,
  "status": "OPTIMAL"
}