{
  "x": {
    "x[1,11,0]": 1.0,
    "x[0,1,0]": 1.0,
    "x[10,11,1]": 1.0,
    "x[0,10,1]": 1.0,
    "x[2,11,2]": 1.0,
    "x[0,2,2]": 1.0
  },
  "y": {
    "y[4,9,0,0]": 1.0,
    "y[6,11,0,0]": 1.0,
    "y[9,6,0,0]": 1.0,
    "y[0,4,0,0]": 1.0,
    "y[5,7,1,0]": 1.0,
    "y[7,11,1,0]": 1.0,
    "y[0,5,1,0]": 1.0,
    "y[3,8,2,0]": 1.0,
    "y[8,11,2,0]": 1.0,
    "y[0,3,2,0]": 1.0
  },
  "T": {
    "T[0,0]": 29.66666109337335,
    "T[1,0]": 27.766815444158453,
    "T[2,0]": 29.611878271919664
  },
  "A": {
    "A[0]": 18.15386292035276,
    "A[1]": 24.461035447958704,
    "A[2]": 29.79785717644579
  },
  "B": {
    "B[0]": 29.66666109337335,
    "B[1]": 27.766815444158453,
    "B[2]": 29.611878271919664
  },
  "L_w": 60,
  "L_d": 120,
  "staff_velocity": 0.58,
  "drone_velocity": 0.83,
  "num_staff": 3,
  "num_drone": 3,
  "use_ejection": false,
  "use_inter": false,
  "use_intra": false,
  "solver": "GUROBI",
  "solver_log": false,
  "num_worker": -1,
  "time_limit": 18000,
  "model_params": {},
  "Optimal": 29.79785717644579,
  "Time": 104.63921928405762,
  "num_constraint": 608,
  "Number of variables": 4129,
  "status": "OPTIMAL"
}