{
  "x": {
    "x[2,11,0]": 1.0000000009587966,
    "x[0,2,0]": 1.0000000009587966,
    "x[1,6,1]": 1.0000000004793983,
    "x[6,11,1]": 1.0000000004793983,
    "x[0,1,1]": 1.0000000004793983,
    "x[10,11,2]": 1.0,
    "x[0,10,2]": 1.0
  },
  "y": {
    "y[5,11,0,0]": 1.0,
    "y[8,5,0,0]": 1.0,
    "y[0,8,0,0]": 1.0,
    "y[7,9,1,0]": 1.0,
    "y[9,11,1,0]": 1.0,
    "y[0,7,1,0]": 1.0,
    "y[3,4,1,2]": 8.189736666608383e-10,
    "y[4,3,1,2]": 8.189736925835182e-10,
    "y[1,11,2,0]": 4.793982988360312e-10,
    "y[3,11,2,0]": 1.0,
    "y[4,3,2,0]": 0.9999999991810263,
    "y[10,9,2,0]": 8.189737132105131e-10,
    "y[0,1,2,0]": 4.793984098583337e-10,
    "y[0,4,2,0]": 1.0,
    "y[0,10,2,0]": 8.189724297000244e-10,
    "y[7,10,2,1]": 1.398242776690891e-10,
    "y[9,7,2,1]": 1.398242776690891e-10,
    "y[10,9,2,1]": 1.398242776690891e-10
  },
  "T": {
    "T[0,0]": 7.435736952175502,
    "T[1,0]": 8.588324944266752,
    "T[1,2]": 2.796471479692056e-09,
    "T[2,0]": 7.290334397749111,
    "T[2,1]": 7.276157920879893e-10
  },
  "A": {
    "A[0]": 3.2165380551119482,
    "A[1]": 5.238738045426674,
    "A[2]": 8.864189504513279
  },
  "B": {
    "B[0]": 7.435736952175502,
    "B[1]": 8.588324947063223,
    "B[2]": 7.290334398476727
  },
  "L_w": 60,
  "L_d": 120,
  "staff_velocity": 0.58,
  "drone_velocity": 0.83,
  "num_staff": 3,
  "num_drone": 3,
  "use_ejection": false,
  "use_inter": false,
  "use_intra": false,
  "solver": "GUROBI",
  "solver_log": false,
  "num_worker": -1,
  "time_limit": 18000,
  "model_params": {},
  "Optimal": 8.864189500180759,
  "Time": 36.69432830810547,
  "num_constraint": 608,
  "Number of variables": 4129,
  "status": "OPTIMAL"
}