{
  "x": {
    "x[1,11,1]": 1.0,
    "x[10,1,1]": 1.0,
    "x[0,10,1]": 1.0,
    "x[6,11,2]": 1.0,
    "x[0,6,2]": 1.0
  },
  "y": {
    "y[2,3,0,0]": 1.0237616920871773e-07,
    "y[3,2,0,0]": 1.0237616920871773e-07,
    "y[8,9,0,0]": 1.0,
    "y[9,11,0,0]": 1.0,
    "y[0,8,0,0]": 1.0,
    "y[2,3,1,0]": 0.9999998976238308,
    "y[3,11,1,0]": 1.0,
    "y[0,2,1,0]": 1.0,
    "y[4,11,2,0]": 1.0,
    "y[5,4,2,0]": 1.0,
    "y[7,5,2,0]": 1.0,
    "y[0,7,2,0]": 1.0
  },
  "T": {
    "T[0,0]": 13.305862481599306,
    "T[1,0]": 16.501146569029252,
    "T[2,0]": 16.312878028450896
  },
  "A": {
    "A[1]": 16.041554374695743,
    "A[2]": 11.103611592603958
  },
  "B": {
    "B[0]": 13.305862481599306,
    "B[1]": 16.501146569029252,
    "B[2]": 16.312878028450896
  },
  "L_w": 60,
  "L_d": 120,
  "staff_velocity": 0.58,
  "drone_velocity": 0.83,
  "num_staff": 3,
  "num_drone": 3,
  "use_ejection": false,
  "use_inter": false,
  "use_intra": false,
  "solver": "GUROBI",
  "solver_log": false,
  "num_worker": -1,
  "time_limit": 18000,
  "model_params": {},
  "Optimal": 16.501146569029252,
  "Time": 33.38600158691406,
  "num_constraint": 608,
  "Number of variables": 4129,
  "status": "OPTIMAL"
}