{
  "x": {
    "x[1,11,0]": 2.531578280340341e-10,
    "x[2,11,0]": 0.9999999997468422,
    "x[0,1,0]": 2.5315782367905534e-10,
    "x[0,2,0]": 0.9999999997468422,
    "x[1,11,1]": 0.9999999997468422,
    "x[3,7,1]": 2.5315782367905534e-10,
    "x[7,8,1]": 2.5315782367905534e-10,
    "x[8,3,1]": 2.5315782367905534e-10,
    "x[9,11,1]": 2.5315782367905534e-10,
    "x[0,1,1]": 0.9999999997468422,
    "x[0,9,1]": 2.5315782367905534e-10,
    "x[6,11,2]": 1.0,
    "x[0,6,2]": 1.0
  },
  "y": {
    "y[9,10,0,0]": 1.0,
    "y[10,11,0,0]": 1.0,
    "y[0,9,0,0]": 1.0,
    "y[3,7,1,0]": 1.0,
    "y[7,8,1,0]": 0.9999999997468422,
    "y[8,11,1,0]": 1.0000000002531577,
    "y[0,3,1,0]": 1.0,
    "y[2,11,1,3]": 2.531578236790553e-10,
    "y[10,2,1,3]": 2.531578236790553e-10,
    "y[0,10,1,3]": 2.531578236790553e-10,
    "y[4,11,2,0]": 1.0000000002258056,
    "y[5,4,2,0]": 1.0000000002258056,
    "y[0,5,2,0]": 1.0000000002258056,
    "y[4,11,2,6]": 1.2743338725842776e-10,
    "y[5,4,2,6]": 1.2743338725842776e-10,
    "y[0,5,2,6]": 1.2743338725842776e-10
  },
  "T": {
    "T[0,0]": 6.946152837506452,
    "T[1,0]": 6.9946749701613475,
    "T[2,0]": 6.055347076909992,
    "T[2,6]": 7.716533888618159e-10
  },
  "A": {
    "A[0]": 7.3895286989211515,
    "A[1]": 4.075578332022032,
    "A[2]": 6.4567777869478515
  },
  "B": {
    "B[0]": 6.946152837506452,
    "B[1]": 6.9946749701613475,
    "B[2]": 6.0553470755037635
  },
  "L_w": 60,
  "L_d": 120,
  "staff_velocity": 0.58,
  "drone_velocity": 0.83,
  "num_staff": 3,
  "num_drone": 3,
  "use_ejection": false,
  "use_inter": false,
  "use_intra": false,
  "solver": "GUROBI",
  "solver_log": false,
  "num_worker": -1,
  "time_limit": 18000,
  "model_params": {},
  "Optimal": 7.38952869816037,
  "Time": 22.396717071533203,
  "num_constraint": 608,
  "Number of variables": 4129,
  "status": "OPTIMAL"
}