{
  "x": {
    "x[2,11,0]": 1.0,
    "x[0,2,0]": 1.0,
    "x[5,11,1]": 1.0,
    "x[0,5,1]": 1.0,
    "x[8,11,2]": 1.0,
    "x[0,8,2]": 1.0
  },
  "y": {
    "y[1,9,0,0]": 0.9999999999908029,
    "y[1,10,0,0]": 9.197087535994797e-12,
    "y[2,3,0,0]": 9.197087535994797e-12,
    "y[2,11,0,0]": 9.197087535994797e-12,
    "y[3,9,0,0]": 9.197087535994797e-12,
    "y[7,1,0,0]": 1.0,
    "y[9,10,0,0]": 0.9999999999908029,
    "y[9,11,0,0]": 9.197087535994797e-12,
    "y[10,2,0,0]": 1.8394175071989594e-11,
    "y[10,11,0,0]": 0.9999999999816058,
    "y[0,7,0,0]": 1.0,
    "y[4,6,1,0]": 1.0,
    "y[6,11,1,0]": 1.0,
    "y[0,4,1,0]": 1.0,
    "y[3,11,2,0]": 0.9999999999908029,
    "y[0,3,2,0]": 0.9999999999908029
  },
  "T": {
    "T[0,0]": 30.781304864191874,
    "T[1,0]": 31.41771169986126,
    "T[2,0]": 31.672755216154304
  },
  "A": {
    "A[0]": 29.060740903208053,
    "A[1]": 24.860373193087494,
    "A[2]": 30.821489347956387
  },
  "B": {
    "B[0]": 30.781304864191874,
    "B[1]": 31.41771169986126,
    "B[2]": 31.672755216154304
  },
  "L_w": 60,
  "L_d": 120,
  "staff_velocity": 0.58,
  "drone_velocity": 0.83,
  "num_staff": 3,
  "num_drone": 3,
  "use_ejection": false,
  "use_inter": false,
  "use_intra": false,
  "solver": "GUROBI",
  "solver_log": false,
  "num_worker": -1,
  "time_limit": 18000,
  "model_params": {},
  "Optimal": 31.67275521348921,
  "Time": 19.641889572143555,
  "num_constraint": 608,
  "Number of variables": 4129,
  "status": "OPTIMAL"
}