{
  "x": {
    "x[4,11,1]": 0.9999999972366407,
    "x[8,4,1]": 0.9999999972366407,
    "x[8,11,1]": 2.76335931914673e-09,
    "x[0,8,1]": 1.0,
    "x[10,11,2]": 1.0,
    "x[0,10,2]": 1.0
  },
  "y": {
    "y[3,9,0,0]": 1.186934661667749e-09,
    "y[4,11,0,0]": 9.540435108590373e-10,
    "y[5,3,0,0]": 1.186934661667749e-09,
    "y[5,11,0,0]": 0.9999999987260769,
    "y[7,9,0,0]": 0.9999999988130653,
    "y[7,10,0,0]": 3.198795531136323e-10,
    "y[9,5,0,0]": 1.0,
    "y[10,11,0,0]": 3.198795531136323e-10,
    "y[0,4,0,0]": 9.540435108590373e-10,
    "y[0,7,0,0]": 0.9999999991329449,
    "y[3,7,0,5]": 1.576853533761175e-10,
    "y[7,11,0,5]": 1.5768535337611747e-10,
    "y[9,3,0,5]": 1.576853533761175e-10,
    "y[0,9,0,5]": 1.576853533761175e-10,
    "y[1,11,1,0]": 1.0,
    "y[2,6,1,0]": 1.0,
    "y[6,1,1,0]": 1.0,
    "y[0,2,1,0]": 1.0,
    "y[3,11,2,0]": 0.9999999981906842,
    "y[4,11,2,0]": 1.8093158082876926e-09,
    "y[0,3,2,0]": 0.9999999981906842,
    "y[0,4,2,0]": 1.8093158082876926e-09,
    "y[7,11,2,1]": 3.1987955311363236e-10,
    "y[0,7,2,1]": 3.1987955311363236e-10,
    "y[3,7,2,3]": 3.0250174034697304e-10,
    "y[7,3,2,3]": 3.0250174034697304e-10,
    "y[3,11,2,4]": 1.6219419973751487e-10,
    "y[9,3,2,4]": 1.6219419973751487e-10,
    "y[0,9,2,4]": 1.6219419973751487e-10,
    "y[1,6,2,7]": 1.2659751686094646e-10,
    "y[5,7,2,7]": 8.698837956150301e-11,
    "y[7,5,2,7]": 8.6988379561503e-11,
    "y[8,11,2,7]": 1.2659751686094646e-10,
    "y[0,8,2,7]": 1.2659751686094646e-10
  },
  "T": {
    "T[0,0]": 29.42001681915144,
    "T[0,5]": 3.566153594647405e-09,
    "T[1,0]": 33.419844398018824,
    "T[2,0]": 33.7517269091645,
    "T[2,3]": 3.5688820787527237e-09,
    "T[2,4]": 3.5675178367000643e-09
  },
  "A": {
    "A[1]": 26.570828331448823,
    "A[2]": 16.939957301533468
  },
  "B": {
    "B[0]": 29.420016822717592,
    "B[1]": 33.419844397243075,
    "B[2]": 33.75172691517333
  },
  "L_w": 60,
  "L_d": 120,
  "staff_velocity": 0.58,
  "drone_velocity": 0.83,
  "num_staff": 3,
  "num_drone": 3,
  "use_ejection": false,
  "use_inter": false,
  "use_intra": false,
  "solver": "GUROBI",
  "solver_log": false,
  "num_worker": -1,
  "time_limit": 18000,
  "model_params": {},
  "Optimal": 33.75172691517333,
  "Time": 517.1384906768799,
  "num_constraint": 608,
  "Number of variables": 4129,
  "status": "OPTIMAL"
}