{
  "x": {
    "x[4,9,0]": 1.0,
    "x[9,11,0]": 1.0,
    "x[0,4,0]": 1.0,
    "x[1,11,1]": 1.0,
    "x[0,1,1]": 1.0,
    "x[2,11,2]": 1.0,
    "x[0,2,2]": 1.0
  },
  "y": {
    "y[3,10,0,0]": 1.0,
    "y[8,3,0,0]": 1.0,
    "y[10,11,0,0]": 1.0,
    "y[0,8,0,0]": 1.0,
    "y[6,11,1,0]": 1.0,
    "y[0,6,1,0]": 1.0,
    "y[5,11,2,0]": 1.0,
    "y[7,5,2,0]": 1.0,
    "y[0,7,2,0]": 1.0
  },
  "T": {
    "T[0,0]": 14.119422914969899,
    "T[1,0]": 15.368062760217242,
    "T[2,0]": 15.25420948950347
  },
  "A": {
    "A[0]": 13.554443117205048,
    "A[1]": 9.388939562476747,
    "A[2]": 15.173111901381821
  },
  "B": {
    "B[0]": 14.119422914969899,
    "B[1]": 15.368062760217242,
    "B[2]": 15.25420948950347
  },
  "L_w": 60,
  "L_d": 120,
  "staff_velocity": 0.58,
  "drone_velocity": 0.83,
  "num_staff": 3,
  "num_drone": 3,
  "use_ejection": false,
  "use_inter": false,
  "use_intra": false,
  "solver": "GUROBI",
  "solver_log": false,
  "num_worker": -1,
  "time_limit": 18000,
  "model_params": {},
  "Optimal": 15.368062760217237,
  "Time": 6.812999725341797,
  "num_constraint": 608,
  "Number of variables": 4129,
  "status": "OPTIMAL"
}