{
  "x": {
    "x[10,11,0]": 1.0,
    "x[0,10,0]": 1.0,
    "x[6,9,1]": 6.814878500943567e-11,
    "x[9,11,1]": 1.0000000000364746,
    "x[0,6,1]": 6.814878500943567e-11,
    "x[0,9,1]": 0.9999999999683258,
    "x[1,11,2]": 4.06333170765727e-11,
    "x[5,1,2]": 7.774850056058597e-13,
    "x[6,1,2]": 3.985583207096684e-11,
    "x[7,11,2]": 0.9999999999593667,
    "x[0,5,2]": 7.774850056058597e-13,
    "x[0,6,2]": 3.985583207096684e-11,
    "x[0,7,2]": 0.9999999999593667
  },
  "y": {
    "y[3,8,0,0]": 3.681238210787703e-11,
    "y[3,11,0,0]": 0.999999999879181,
    "y[8,3,0,0]": 3.681238210787703e-11,
    "y[0,3,0,0]": 0.999999999879181,
    "y[2,11,0,3]": 2.9167466248766707e-12,
    "y[3,2,0,3]": 2.9167466248766707e-12,
    "y[6,8,0,3]": 4.8255244590507735e-12,
    "y[8,11,0,3]": 4.8255244590507735e-12,
    "y[0,3,0,3]": 2.9167466248766707e-12,
    "y[0,6,0,3]": 4.8255244590507735e-12,
    "y[2,11,0,4]": 5.1293258436247804e-12,
    "y[3,2,0,4]": 5.1293258436247804e-12,
    "y[7,3,0,4]": 5.1293258436247804e-12,
    "y[0,7,0,4]": 5.1293258436247804e-12,
    "y[2,11,0,5]": 4.178678077500452e-12,
    "y[3,2,0,5]": 4.178678077500452e-12,
    "y[8,3,0,5]": 1.2470033783506274e-11,
    "y[0,8,0,5]": 1.2470033783506274e-11,
    "y[1,5,1,0]": 0.9999999999963197,
    "y[4,11,1,0]": 1.0,
    "y[5,4,1,0]": 1.0,
    "y[6,1,1,0]": 1.0,
    "y[0,5,1,0]": 3.6802783043299314e-12,
    "y[0,6,1,0]": 0.9999999999005905,
    "y[0,7,1,0]": 9.572909015821129e-11,
    "y[1,3,1,5]": 1.3821038352949961e-12,
    "y[3,7,1,5]": 1.3821038352949961e-12,
    "y[7,1,1,5]": 1.3821038352949961e-12,
    "y[10,11,1,5]": 3.647460111722011e-11,
    "y[0,10,1,5]": 3.647460111722011e-11,
    "y[4,5,1,6]": 2.7289652962749957e-11,
    "y[5,4,1,6]": 2.7289652962749957e-11,
    "y[4,5,1,8]": 4.488206426608441e-11,
    "y[5,4,1,8]": 4.488206426608441e-11,
    "y[2,8,2,0]": 0.9999999999877752,
    "y[3,7,2,0]": 1.2224742070017313e-11,
    "y[7,3,2,0]": 1.2224742070017313e-11,
    "y[8,11,2,0]": 1.0,
    "y[0,2,2,0]": 0.9999999999877752,
    "y[0,7,2,0]": 1.2224776746450061e-11,
    "y[3,7,2,1]": 2.773715162012136e-11,
    "y[7,3,2,1]": 2.773715162012136e-11,
    "y[3,4,2,4]": 2.939752144198512e-11,
    "y[4,5,2,4]": 2.939752144198512e-11,
    "y[0,3,2,4]": 2.939752144198512e-11,
    "y[3,7,2,5]": 3.431476065459266e-11,
    "y[4,5,2,5]": 3.431476065459266e-11,
    "y[7,4,2,5]": 3.431476065459266e-11,
    "y[0,3,2,5]": 3.431476065459266e-11
  },
  "T": {
    "T[0,0]": 14.758675192701475,
    "T[0,3]": 1.2441490379265547e-10,
    "T[0,4]": 1.0348269353171126e-10,
    "T[0,5]": 6.649811341540304e-11,
    "T[1,0]": 15.830789766514329,
    "T[1,5]": 1.0331230050573886e-10,
    "T[1,6]": 1.0162090985352865e-10,
    "T[1,8]": 2.059942433419805e-10,
    "T[2,0]": 14.60490413689662,
    "T[2,1]": 1.964519084458965e-10,
    "T[2,5]": 2.8877633946410534e-11
  },
  "A": {
    "A[0]": 13.621091658690663,
    "A[1]": 15.014139143603717,
    "A[2]": 16.069888292784345
  },
  "B": {
    "B[0]": 14.75867519299587,
    "B[1]": 15.830789766925255,
    "B[2]": 14.604904136535808
  },
  "L_w": 60,
  "L_d": 120,
  "staff_velocity": 0.58,
  "drone_velocity": 0.83,
  "num_staff": 3,
  "num_drone": 3,
  "use_ejection": false,
  "use_inter": false,
  "use_intra": false,
  "solver": "GUROBI",
  "solver_log": false,
  "num_worker": -1,
  "time_limit": 18000,
  "model_params": {},
  "Optimal": 16.06988829109445,
  "Time": 17.01999855041504,
  "num_constraint": 608,
  "Number of variables": 4129,
  "status": "OPTIMAL"
}