{
  "x": {
    "x[4,11,0]": 1.0,
    "x[5,4,0]": 1.0,
    "x[0,5,0]": 1.0,
    "x[6,8,1]": 1.0,
    "x[8,11,1]": 1.0,
    "x[0,6,1]": 1.0,
    "x[2,11,2]": 1.0,
    "x[0,2,2]": 1.0
  },
  "y": {
    "y[3,11,0,0]": 1.0,
    "y[0,3,0,0]": 1.0,
    "y[1,11,1,0]": 1.0,
    "y[7,1,1,0]": 1.0,
    "y[0,7,1,0]": 1.0,
    "y[6,8,1,9]": 4.3307135655368256e-11,
    "y[9,10,2,0]": 1.0,
    "y[10,11,2,0]": 1.0,
    "y[0,9,2,0]": 1.0
  },
  "T": {
    "T[0,0]": 15.84270235897832,
    "T[1,0]": 9.249206532297578,
    "T[2,0]": 14.055468789240862
  },
  "A": {
    "A[0]": 10.847251532928802,
    "A[1]": 13.70356976391705,
    "A[2]": 14.522414653650374
  },
  "B": {
    "B[0]": 15.84270235897832,
    "B[1]": 9.249206532175654,
    "B[2]": 14.055468789240862
  },
  "L_w": 60,
  "L_d": 120,
  "staff_velocity": 0.58,
  "drone_velocity": 0.83,
  "num_staff": 3,
  "num_drone": 3,
  "use_ejection": false,
  "use_inter": false,
  "use_intra": false,
  "solver": "GUROBI",
  "solver_log": false,
  "num_worker": -1,
  "time_limit": 18000,
  "model_params": {},
  "Optimal": 15.842701556277659,
  "Time": 322.8061923980713,
  "num_constraint": 608,
  "Number of variables": 4129,
  "status": "OPTIMAL"
}