{
  "x": {
    "x[5,11,0]": 1.0,
    "x[0,5,0]": 1.0,
    "x[1,11,1]": 1.000000000375467,
    "x[0,1,1]": 1.000000000375467,
    "x[4,11,2]": 1.0000000000873384,
    "x[0,4,2]": 1.0000000000873384
  },
  "y": {
    "y[9,10,0,0]": 1.0,
    "y[10,11,0,0]": 1.0,
    "y[0,9,0,0]": 1.0,
    "y[6,11,0,3]": 1.2689039685422705e-10,
    "y[0,3,0,3]": 1.2689039685422705e-10,
    "y[3,6,0,4]": 2.809454911982296e-10,
    "y[6,3,0,4]": 2.809454911982296e-10,
    "y[5,11,1,0]": 1.973761154516751e-10,
    "y[7,8,1,0]": 0.9999999998026239,
    "y[8,11,1,0]": 0.9999999998026239,
    "y[0,5,1,0]": 1.973761154516751e-10,
    "y[0,7,1,0]": 0.9999999998026239,
    "y[9,10,1,4]": 2.2712487479173938e-10,
    "y[10,9,1,4]": 2.2712487479173938e-10,
    "y[0,2,1,4]": 1.0994051291843406e-10,
    "y[5,7,1,5]": 1.9737600442937264e-10,
    "y[7,8,1,5]": 1.9737600442937264e-10,
    "y[8,11,1,5]": 3.428775650745967e-11,
    "y[5,11,1,8]": 2.106618409200599e-09,
    "y[8,7,1,8]": 2.106618409200599e-09,
    "y[0,8,1,8]": 6.811051525261254e-10,
    "y[5,11,1,9]": 2.6542935200056716e-10,
    "y[0,5,1,9]": 2.6542935200056716e-10,
    "y[2,3,2,0]": 1.0,
    "y[3,6,2,0]": 1.0,
    "y[6,11,2,0]": 1.0,
    "y[0,2,2,0]": 1.0,
    "y[6,3,2,2]": 2.271248747917394e-10,
    "y[3,6,2,4]": 1.9278941987310069e-10,
    "y[6,3,2,4]": 1.9278941987310069e-10,
    "y[1,3,2,6]": 1.7855894540730333e-10,
    "y[2,7,2,6]": 8.733835876739704e-11,
    "y[6,2,2,6]": 8.733835876739704e-11
  },
  "T": {
    "T[0,0]": 7.194521098867894,
    "T[1,0]": 8.045185908542647,
    "T[2,0]": 6.854491823244494
  },
  "A": {
    "A[0]": 4.954857275524521,
    "A[1]": 7.872773156995359,
    "A[2]": 5.39995423621879
  },
  "B": {
    "B[0]": 7.194521097282547,
    "B[1]": 8.045185906881615,
    "B[2]": 6.854491821828941
  },
  "L_w": 60,
  "L_d": 120,
  "staff_velocity": 0.58,
  "drone_velocity": 0.83,
  "num_staff": 3,
  "num_drone": 3,
  "use_ejection": false,
  "use_inter": false,
  "use_intra": false,
  "solver": "GUROBI",
  "solver_log": false,
  "num_worker": -1,
  "time_limit": 18000,
  "model_params": {},
  "Optimal": 8.045185906881615,
  "Time": 14.137754440307617,
  "num_constraint": 608,
  "Number of variables": 4129,
  "status": "OPTIMAL"
}