{
  "x": {
    "x[1,5,0]": 1.0,
    "x[4,16,0]": 1.0,
    "x[5,4,0]": 1.0,
    "x[6,11,0]": 1.0,
    "x[7,14,0]": 1.0,
    "x[10,15,0]": 1.0,
    "x[11,1,0]": 1.0,
    "x[13,21,0]": 1.0,
    "x[14,6,0]": 1.0,
    "x[15,13,0]": 1.0,
    "x[16,10,0]": 1.0,
    "x[0,7,0]": 1.0
  },
  "y": {
    "y[2,8,0,0]": 1.0,
    "y[3,9,0,0]": 1.0,
    "y[8,20,0,0]": 1.0,
    "y[9,12,0,0]": 1.0,
    "y[12,17,0,0]": 1.0,
    "y[17,18,0,0]": 1.0,
    "y[18,21,0,0]": 1.0,
    "y[19,2,0,0]": 1.0,
    "y[20,3,0,0]": 1.0,
    "y[0,19,0,0]": 1.0
  },
  "T": {
    "T[0,0]": 36.9119203943144
  },
  "A": {
    "A[0]": 36.4790682700234
  },
  "B": {
    "B[0]": 36.9119203943144
  },
  "L_w": 60,
  "L_d": 120,
  "staff_velocity": 0.58,
  "drone_velocity": 0.83,
  "num_staff": 1,
  "num_drone": 1,
  "use_ejection": false,
  "use_inter": false,
  "use_intra": false,
  "solver": "GUROBI",
  "solver_log": false,
  "num_worker": -1,
  "time_limit": 18000,
  "model_params": {},
  "Optimal": 36.9119203943144,
  "Time": 18005.947011947632,
  "num_constraint": 626,
  "Number of variables": 9347,
  "status": "FEASIBLE"
}