{
  "x": {
    "x[7,18,0]": 1.0000000000000004,
    "x[10,7,0]": 1.0,
    "x[12,17,0]": 1.0,
    "x[13,15,0]": 1.0,
    "x[15,21,0]": 1.0,
    "x[17,13,0]": 1.0,
    "x[18,12,0]": 1.0000000000000004,
    "x[0,10,0]": 1.0
  },
  "y": {
    "y[1,8,0,0]": 3.469446951953614e-18,
    "y[1,14,0,0]": 1.0,
    "y[2,21,0,0]": 1.0,
    "y[3,1,0,0]": 1.0,
    "y[3,19,0,0]": 2.0816681711721685e-17,
    "y[4,9,0,0]": 1.0,
    "y[5,2,0,0]": 1.0,
    "y[6,4,0,0]": 1.0,
    "y[8,6,0,0]": 1.0,
    "y[8,14,0,0]": 3.469446951953614e-18,
    "y[9,5,0,0]": 1.0,
    "y[11,16,0,0]": 2.42861286636753e-17,
    "y[11,19,0,0]": 1.0,
    "y[14,1,0,0]": 3.469446951953614e-18,
    "y[14,8,0,0]": 0.9999999999999998,
    "y[16,3,0,0]": 1.0,
    "y[18,17,0,0]": 1.734723475976807e-17,
    "y[19,11,0,0]": 2.0816681711721685e-17,
    "y[19,16,0,0]": 1.0,
    "y[20,4,0,0]": 5.377642775528102e-17,
    "y[20,11,0,0]": 1.0,
    "y[0,20,0,0]": 1.0,
    "y[5,15,0,1]": 2.0816681711721685e-17,
    "y[6,9,0,1]": 2.0816681711721685e-17,
    "y[12,18,0,1]": 2.0816681711721685e-17,
    "y[13,12,0,1]": 2.0816681711721685e-17,
    "y[15,13,0,1]": 2.0816681711721685e-17,
    "y[18,21,0,1]": 2.0816681711721685e-17,
    "y[0,6,0,1]": 2.0816681711721685e-17
  },
  "T": {
    "T[0,0]": 32.683551545902276,
    "T[0,1]": 1.8614786349796552e-16
  },
  "A": {
    "A[0]": 33.04312900652544
  },
  "B": {
    "B[0]": 32.683551545902276
  },
  "L_w": 60,
  "L_d": 120,
  "staff_velocity": 0.58,
  "drone_velocity": 0.83,
  "num_staff": 1,
  "num_drone": 1,
  "use_ejection": false,
  "use_inter": false,
  "use_intra": false,
  "solver": "GUROBI",
  "solver_log": false,
  "num_worker": -1,
  "time_limit": 18000,
  "model_params": {},
  "Optimal": 33.04312900652544,
  "Time": 8188.130376815796,
  "num_constraint": 626,
  "Number of variables": 9347,
  "status": "OPTIMAL"
}