{
  "x": {
    "x[1,9,0]": 1.0,
    "x[9,12,0]": 1.0,
    "x[10,1,0]": 1.0,
    "x[11,18,0]": 1.0,
    "x[12,21,0]": 1.0,
    "x[15,11,0]": 1.0,
    "x[16,19,0]": 1.0,
    "x[18,10,0]": 1.0,
    "x[19,15,0]": 1.0,
    "x[0,16,0]": 1.0
  },
  "y": {
    "y[2,17,0,0]": 1.0,
    "y[3,7,0,0]": 1.0,
    "y[4,2,0,0]": 1.0,
    "y[5,3,0,0]": 1.0,
    "y[6,8,0,0]": 1.0,
    "y[7,4,0,0]": 1.0,
    "y[8,14,0,0]": 1.0,
    "y[13,21,0,0]": 1.0,
    "y[14,20,0,0]": 1.0,
    "y[17,6,0,0]": 1.0,
    "y[20,13,0,0]": 1.0,
    "y[0,5,0,0]": 1.0
  },
  "T": {
    "T[0,0]": 15.940041874543967
  },
  "A": {
    "A[0]": 15.940328714116603
  },
  "B": {
    "B[0]": 15.940041874543967
  },
  "L_w": 60,
  "L_d": 120,
  "staff_velocity": 0.58,
  "drone_velocity": 0.83,
  "num_staff": 1,
  "num_drone": 1,
  "use_ejection": false,
  "use_inter": false,
  "use_intra": false,
  "solver": "GUROBI",
  "solver_log": false,
  "num_worker": -1,
  "time_limit": 18000,
  "model_params": {},
  "Optimal": 15.940327784129428,
  "Time": 12258.248538970947,
  "num_constraint": 626,
  "Number of variables": 9347,
  "status": "OPTIMAL"
}