{
  "x": {
    "x[3,7,0]": 1.0,
    "x[5,15,0]": 0.9999999999999997,
    "x[6,19,0]": 1.0,
    "x[7,5,0]": 1.0,
    "x[9,3,0]": 1.0,
    "x[10,21,0]": 1.0,
    "x[12,10,0]": 1.0,
    "x[15,6,0]": 0.9999999999999997,
    "x[19,12,0]": 1.0,
    "x[0,9,0]": 1.0
  },
  "y": {
    "y[1,11,0,0]": 1.0,
    "y[2,14,0,0]": 1.0,
    "y[4,18,0,0]": 1.0,
    "y[8,4,0,0]": 1.0,
    "y[11,20,0,0]": 1.0,
    "y[13,21,0,0]": 1.0,
    "y[14,1,0,0]": 1.0,
    "y[16,2,0,0]": 1.0,
    "y[17,8,0,0]": 1.0,
    "y[18,13,0,0]": 1.0,
    "y[20,17,0,0]": 1.0,
    "y[0,16,0,0]": 1.0
  },
  "T": {
    "T[0,0]": 66.46098289402745
  },
  "A": {
    "A[0]": 66.4572092418767
  },
  "B": {
    "B[0]": 66.46098289402745
  },
  "L_w": 60,
  "L_d": 120,
  "staff_velocity": 0.58,
  "drone_velocity": 0.83,
  "num_staff": 1,
  "num_drone": 1,
  "use_ejection": false,
  "use_inter": false,
  "use_intra": false,
  "solver": "GUROBI",
  "solver_log": false,
  "num_worker": -1,
  "time_limit": 18000,
  "model_params": {},
  "Optimal": 66.46098289402745,
  "Time": 18002.838582992554,
  "num_constraint": 626,
  "Number of variables": 9347,
  "status": "FEASIBLE"
}