{
  "x": {
    "x[1,21,0]": 1.0,
    "x[4,20,0]": 1.0,
    "x[5,11,0]": 1.0,
    "x[6,17,0]": 1.0,
    "x[11,4,0]": 1.0,
    "x[17,1,0]": 1.0,
    "x[20,6,0]": 1.0,
    "x[0,5,0]": 1.0
  },
  "y": {
    "y[2,9,0,0]": 1.0,
    "y[3,18,0,0]": 1.0,
    "y[7,12,0,0]": 1.0,
    "y[8,13,0,0]": 1.0,
    "y[9,8,0,0]": 1.0,
    "y[10,19,0,0]": 1.0,
    "y[12,15,0,0]": 1.0,
    "y[13,7,0,0]": 1.0,
    "y[14,10,0,0]": 1.0,
    "y[15,16,0,0]": 1.0,
    "y[16,3,0,0]": 1.0,
    "y[18,14,0,0]": 1.0,
    "y[19,21,0,0]": 1.0,
    "y[0,2,0,0]": 1.0
  },
  "T": {
    "T[0,0]": 16.445003658064714
  },
  "A": {
    "A[0]": 15.500886664281735
  },
  "B": {
    "B[0]": 16.445003658064714
  },
  "L_w": 60,
  "L_d": 120,
  "staff_velocity": 0.58,
  "drone_velocity": 0.83,
  "num_staff": 1,
  "num_drone": 1,
  "use_ejection": false,
  "use_inter": false,
  "use_intra": false,
  "solver": "GUROBI",
  "solver_log": false,
  "num_worker": -1,
  "time_limit": 18000,
  "model_params": {},
  "Optimal": 16.445003658064714,
  "Time": 15991.37413597107,
  "num_constraint": 626,
  "Number of variables": 9347,
  "status": "OPTIMAL"
}