{
  "x": {
    "x[1,5,0]": 1.0,
    "x[5,14,0]": 1.0,
    "x[6,19,0]": 1.0,
    "x[9,17,0]": 1.0,
    "x[12,9,0]": 1.0,
    "x[14,21,0]": 1.0,
    "x[15,6,0]": 1.0,
    "x[17,1,0]": 1.0,
    "x[19,12,0]": 1.0,
    "x[0,15,0]": 1.0
  },
  "y": {
    "y[2,8,0,0]": 1.0,
    "y[3,10,0,0]": 1.0,
    "y[4,7,0,0]": 1.0,
    "y[7,18,0,0]": 1.0,
    "y[8,21,0,0]": 1.0,
    "y[10,13,0,0]": 1.0,
    "y[11,20,0,0]": 1.0,
    "y[13,11,0,0]": 1.0,
    "y[16,4,0,0]": 1.0,
    "y[18,2,0,0]": 1.0,
    "y[20,16,0,0]": 1.0,
    "y[0,3,0,0]": 1.0
  },
  "T": {
    "T[0,0]": 31.48845271202891
  },
  "A": {
    "A[0]": 31.796979989034288
  },
  "B": {
    "B[0]": 31.48845271202891
  },
  "L_w": 60,
  "L_d": 120,
  "staff_velocity": 0.58,
  "drone_velocity": 0.83,
  "num_staff": 1,
  "num_drone": 1,
  "use_ejection": false,
  "use_inter": false,
  "use_intra": false,
  "solver": "GUROBI",
  "solver_log": false,
  "num_worker": -1,
  "time_limit": 18000,
  "model_params": {},
  "Optimal": 31.796979989034284,
  "Time": 18001.01328277588,
  "num_constraint": 626,
  "Number of variables": 9347,
  "status": "FEASIBLE"
}