{
  "x": {
    "x[3,21,0]": 1.0,
    "x[5,9,0]": 1.0,
    "x[8,3,0]": 1.0,
    "x[9,8,0]": 1.0,
    "x[15,5,0]": 1.0,
    "x[0,15,0]": 1.0
  },
  "y": {
    "y[1,4,0,0]": 1.0,
    "y[2,19,0,0]": 1.0,
    "y[4,12,0,0]": 1.0,
    "y[6,1,0,0]": 1.0,
    "y[7,14,0,0]": 1.0,
    "y[10,13,0,0]": 1.0,
    "y[11,16,0,0]": 1.0,
    "y[12,11,0,0]": 1.0,
    "y[13,20,0,0]": 1.0,
    "y[14,2,0,0]": 1.0,
    "y[16,10,0,0]": 1.0,
    "y[17,7,0,0]": 1.0,
    "y[18,6,0,0]": 1.0,
    "y[19,21,0,0]": 1.0,
    "y[20,17,0,0]": 1.0,
    "y[0,18,0,0]": 1.0
  },
  "T": {
    "T[0,0]": 12.795852217345965
  },
  "A": {
    "A[0]": 12.235867536405937
  },
  "B": {
    "B[0]": 12.795852217345965
  },
  "L_w": 60,
  "L_d": 120,
  "staff_velocity": 0.58,
  "drone_velocity": 0.83,
  "num_staff": 1,
  "num_drone": 1,
  "use_ejection": false,
  "use_inter": false,
  "use_intra": false,
  "solver": "GUROBI",
  "solver_log": false,
  "num_worker": -1,
  "time_limit": 18000,
  "model_params": {},
  "Optimal": 12.795852217345965,
  "Time": 18000.803197860718,
  "num_constraint": 626,
  "Number of variables": 9347,
  "status": "FEASIBLE"
}