{
  "x": {
    "x[7,19,0]": 1.0,
    "x[9,21,0]": 1.0,
    "x[11,7,0]": 1.0,
    "x[13,11,0]": 1.0,
    "x[15,13,0]": 1.0,
    "x[19,9,0]": 1.0,
    "x[0,15,0]": 1.0
  },
  "y": {
    "y[1,20,0,0]": 1.0,
    "y[2,3,0,0]": 1.0,
    "y[3,6,0,0]": 1.0,
    "y[4,21,0,0]": 1.0,
    "y[5,18,0,0]": 1.0,
    "y[6,12,0,0]": 1.0,
    "y[8,16,0,0]": 1.0,
    "y[10,17,0,0]": 1.0,
    "y[12,5,0,0]": 1.0,
    "y[14,4,0,0]": 1.0,
    "y[16,10,0,0]": 1.0,
    "y[17,2,0,0]": 1.0,
    "y[18,14,0,0]": 1.0,
    "y[20,8,0,0]": 1.0,
    "y[0,1,0,0]": 1.0
  },
  "T": {
    "T[0,0]": 33.22642337649461
  },
  "A": {
    "A[0]": 33.19399635999509
  },
  "B": {
    "B[0]": 33.22642337649461
  },
  "L_w": 60,
  "L_d": 120,
  "staff_velocity": 0.58,
  "drone_velocity": 0.83,
  "num_staff": 1,
  "num_drone": 1,
  "use_ejection": false,
  "use_inter": false,
  "use_intra": false,
  "solver": "GUROBI",
  "solver_log": false,
  "num_worker": -1,
  "time_limit": 18000,
  "model_params": {},
  "Optimal": 33.22642337649461,
  "Time": 18006.4634475708,
  "num_constraint": 626,
  "Number of variables": 9347,
  "status": "FEASIBLE"
}