{
  "x": {
    "x[3,11,0]": 1.0,
    "x[5,18,0]": 1.0,
    "x[7,14,0]": 1.0,
    "x[8,17,0]": 1.0,
    "x[9,21,0]": 1.0,
    "x[11,7,0]": 1.0,
    "x[12,20,0]": 1.0,
    "x[14,12,0]": 1.0,
    "x[17,9,0]": 1.0,
    "x[18,3,0]": 1.0,
    "x[20,8,0]": 1.0,
    "x[0,5,0]": 1.0
  },
  "y": {
    "y[1,6,0,0]": 1.0,
    "y[2,16,0,0]": 1.0,
    "y[4,2,0,0]": 1.0,
    "y[6,10,0,0]": 1.0,
    "y[10,15,0,0]": 1.0,
    "y[13,21,0,0]": 1.0,
    "y[15,13,0,0]": 1.0,
    "y[16,1,0,0]": 1.0,
    "y[19,4,0,0]": 1.0,
    "y[0,19,0,0]": 1.0
  },
  "T": {
    "T[0,0]": 58.11226160294355
  },
  "A": {
    "A[0]": 58.7743487270966
  },
  "B": {
    "B[0]": 58.11226160294355
  },
  "L_w": 60,
  "L_d": 120,
  "staff_velocity": 0.58,
  "drone_velocity": 0.83,
  "num_staff": 1,
  "num_drone": 1,
  "use_ejection": false,
  "use_inter": false,
  "use_intra": false,
  "solver": "GUROBI",
  "solver_log": false,
  "num_worker": -1,
  "time_limit": 18000,
  "model_params": {},
  "Optimal": 58.774348644496506,
  "Time": 18035.99471092224,
  "num_constraint": 626,
  "Number of variables": 9347,
  "status": "FEASIBLE"
}