{
  "x": {
    "x[2,10,0]": 1.0,
    "x[4,13,0]": 1.0,
    "x[5,11,0]": 1.0,
    "x[10,17,0]": 1.0,
    "x[11,2,0]": 1.0,
    "x[13,5,0]": 1.0,
    "x[17,21,0]": 1.0,
    "x[19,4,0]": 1.0,
    "x[0,19,0]": 1.0
  },
  "y": {
    "y[18,21,0,0]": 1.0,
    "y[0,18,0,0]": 1.0,
    "y[16,21,0,1]": 1.0,
    "y[20,16,0,1]": 1.0,
    "y[0,20,0,1]": 1.0,
    "y[1,12,0,2]": 1.0,
    "y[3,15,0,2]": 1.0,
    "y[6,7,0,2]": 1.0,
    "y[7,21,0,2]": 1.0,
    "y[8,3,0,2]": 1.0,
    "y[9,8,0,2]": 1.0,
    "y[12,9,0,2]": 1.0,
    "y[14,6,0,2]": 1.0,
    "y[15,14,0,2]": 1.0,
    "y[0,1,0,2]": 1.0
  },
  "T": {
    "T[0,0]": 5.724053060269636,
    "T[0,1]": 24.510668307869146,
    "T[0,2]": 48.38898811923363
  },
  "A": {
    "A[0]": 71.75647643289719
  },
  "B": {
    "B[0]": 78.62370948737241
  },
  "L_w": 60,
  "L_d": 120,
  "staff_velocity": 0.58,
  "drone_velocity": 0.83,
  "num_staff": 1,
  "num_drone": 1,
  "use_ejection": false,
  "use_inter": false,
  "use_intra": false,
  "solver": "GUROBI",
  "solver_log": false,
  "num_worker": -1,
  "time_limit": 18000,
  "model_params": {},
  "Optimal": 78.6237094873724,
  "Time": 18005.424995422363,
  "num_constraint": 626,
  "Number of variables": 9347,
  "status": "FEASIBLE"
}