{
  "x": {
    "x[5,21,0]": 1.0,
    "x[8,12,0]": 1.0,
    "x[12,5,0]": 1.0,
    "x[13,18,0]": 1.0,
    "x[14,20,0]": 1.0,
    "x[15,14,0]": 1.0,
    "x[18,8,0]": 1.0,
    "x[20,13,0]": 1.0,
    "x[0,15,0]": 1.0
  },
  "y": {
    "y[1,17,0,0]": 1.0,
    "y[2,21,0,0]": 1.0,
    "y[3,4,0,0]": 1.0,
    "y[4,11,0,0]": 1.0,
    "y[6,16,0,0]": 1.0,
    "y[7,9,0,0]": 1.0,
    "y[9,1,0,0]": 1.0,
    "y[10,2,0,0]": 1.0,
    "y[11,6,0,0]": 1.0,
    "y[16,7,0,0]": 1.0,
    "y[17,10,0,0]": 1.0,
    "y[19,3,0,0]": 1.0,
    "y[0,19,0,0]": 1.0
  },
  "T": {
    "T[0,0]": 60.848953561605974
  },
  "A": {
    "A[0]": 59.32764280442419
  },
  "B": {
    "B[0]": 60.848953561605974
  },
  "L_w": 60,
  "L_d": 120,
  "staff_velocity": 0.58,
  "drone_velocity": 0.83,
  "num_staff": 1,
  "num_drone": 1,
  "use_ejection": false,
  "use_inter": false,
  "use_intra": false,
  "solver": "GUROBI",
  "solver_log": false,
  "num_worker": -1,
  "time_limit": 18000,
  "model_params": {},
  "Optimal": 60.84895355602404,
  "Time": 18004.029098510742,
  "num_constraint": 626,
  "Number of variables": 9347,
  "status": "FEASIBLE"
}