{
  "x": {
    "x[4,9,0]": 1.0,
    "x[6,16,0]": 1.0,
    "x[9,19,0]": 1.0,
    "x[11,14,0]": 1.0,
    "x[14,15,0]": 1.0,
    "x[15,21,0]": 1.0,
    "x[16,11,0]": 1.0,
    "x[19,6,0]": 1.0,
    "x[0,4,0]": 1.0
  },
  "y": {
    "y[1,20,0,0]": 1.0,
    "y[2,7,0,0]": 1.0,
    "y[3,10,0,0]": 1.0,
    "y[5,13,0,0]": 1.0,
    "y[7,17,0,0]": 1.0,
    "y[8,21,0,0]": 1.0,
    "y[10,2,0,0]": 1.0,
    "y[12,1,0,0]": 1.0,
    "y[13,3,0,0]": 1.0,
    "y[17,8,0,0]": 1.0,
    "y[18,12,0,0]": 1.0,
    "y[20,5,0,0]": 1.0,
    "y[0,18,0,0]": 1.0
  },
  "T": {
    "T[0,0]": 14.156011833889236
  },
  "A": {
    "A[0]": 13.978883604187574
  },
  "B": {
    "B[0]": 14.156011833889236
  },
  "L_w": 60,
  "L_d": 120,
  "staff_velocity": 0.58,
  "drone_velocity": 0.83,
  "num_staff": 1,
  "num_drone": 1,
  "use_ejection": false,
  "use_inter": false,
  "use_intra": false,
  "solver": "GUROBI",
  "solver_log": false,
  "num_worker": -1,
  "time_limit": 18000,
  "model_params": {},
  "Optimal": 14.156011050907374,
  "Time": 18000.837406158447,
  "num_constraint": 626,
  "Number of variables": 9347,
  "status": "FEASIBLE"
}