{
  "x": {
    "x[1,2,0]": 1.0,
    "x[2,8,0]": 1.0,
    "x[3,13,0]": 1.0,
    "x[8,3,0]": 1.0,
    "x[0,1,0]": 1.0,
    "x[6,12,1]": 1.0,
    "x[12,13,1]": 1.0,
    "x[0,6,1]": 1.0
  },
  "y": {
    "y[5,11,0,0]": 1.0,
    "y[7,5,0,0]": 1.0,
    "y[11,13,0,0]": 1.0,
    "y[0,7,0,0]": 1.0,
    "y[12,6,0,9]": 2.1339498007021867e-11,
    "y[4,13,1,0]": 1.000000002638264,
    "y[9,4,1,0]": 0.999999997361736,
    "y[10,9,1,0]": 1.0,
    "y[0,4,1,0]": 2.6382640516686706e-09,
    "y[0,10,1,0]": 0.999999997361736,
    "y[9,10,1,2]": 2.185083039450115e-11,
    "y[10,9,1,2]": 2.185083039450115e-11,
    "y[9,10,1,3]": 2.6164132006531987e-09,
    "y[10,9,1,3]": 2.6164132006531987e-09
  },
  "T": {
    "T[0,0]": 16.761976712605957,
    "T[1,0]": 17.05896935641755,
    "T[1,2]": 1.5002020816208377e-10,
    "T[1,3]": 1.796338381258017e-08
  },
  "A": {
    "A[0]": 16.54392473822235,
    "A[1]": 16.14640831820652
  },
  "B": {
    "B[0]": 16.761976712523943,
    "B[1]": 17.058969374530953
  },
  "L_w": 60,
  "L_d": 120,
  "staff_velocity": 0.58,
  "drone_velocity": 0.83,
  "num_staff": 2,
  "num_drone": 2,
  "use_ejection": false,
  "use_inter": false,
  "use_intra": false,
  "solver": "GUROBI",
  "solver_log": false,
  "num_worker": -1,
  "time_limit": 18000,
  "model_params": {},
  "Optimal": 17.058969374530953,
  "Time": 36.519222259521484,
  "num_constraint": 540,
  "Number of variables": 4501,
  "status": "OPTIMAL"
}