{
  "x": {
    "x[4,13,0]": 1.0,
    "x[0,4,0]": 1.0,
    "x[2,3,1]": 1.0,
    "x[3,12,1]": 1.0,
    "x[12,13,1]": 1.0,
    "x[0,2,1]": 1.0
  },
  "y": {
    "y[5,10,0,0]": 1.0,
    "y[8,9,0,0]": 1.0,
    "y[9,11,0,0]": 1.0,
    "y[10,8,0,0]": 1.0,
    "y[11,13,0,0]": 1.0,
    "y[0,5,0,0]": 1.0,
    "y[1,13,1,0]": 1.0,
    "y[6,7,1,0]": 1.0,
    "y[7,1,1,0]": 1.0,
    "y[0,6,1,0]": 1.0
  },
  "T": {
    "T[0,0]": 30.030613762555248,
    "T[1,0]": 32.673307419196526
  },
  "A": {
    "A[0]": 33.30305004209853,
    "A[1]": 29.44281203501517
  },
  "B": {
    "B[0]": 30.030613762555248,
    "B[1]": 32.673307419196526
  },
  "L_w": 60,
  "L_d": 120,
  "staff_velocity": 0.58,
  "drone_velocity": 0.83,
  "num_staff": 2,
  "num_drone": 2,
  "use_ejection": false,
  "use_inter": false,
  "use_intra": false,
  "solver": "GUROBI",
  "solver_log": false,
  "num_worker": -1,
  "time_limit": 18000,
  "model_params": {},
  "Optimal": 33.30305004209853,
  "Time": 151.08267974853516,
  "num_constraint": 540,
  "Number of variables": 4501,
  "status": "OPTIMAL"
}