{
  "x": {
    "x[4,8,0]": 1.0,
    "x[8,12,0]": 1.0,
    "x[12,13,0]": 1.0,
    "x[0,4,0]": 1.0,
    "x[11,13,1]": 1.0,
    "x[0,11,1]": 1.0
  },
  "y": {
    "y[2,13,0,0]": 1.0,
    "y[7,10,0,0]": 1.0,
    "y[10,2,0,0]": 1.0,
    "y[0,7,0,0]": 1.0,
    "y[1,3,1,0]": 1.0,
    "y[3,9,1,0]": 1.0,
    "y[5,13,1,0]": 1.0,
    "y[6,5,1,0]": 1.0,
    "y[9,6,1,0]": 1.0,
    "y[0,1,1,0]": 1.0
  },
  "T": {
    "T[0,0]": 15.878122063326675,
    "T[1,0]": 16.430168485722294
  },
  "A": {
    "A[0]": 13.473146913187703,
    "A[1]": 16.076034200765505
  },
  "B": {
    "B[0]": 15.878122063326675,
    "B[1]": 16.430168485722294
  },
  "L_w": 60,
  "L_d": 120,
  "staff_velocity": 0.58,
  "drone_velocity": 0.83,
  "num_staff": 2,
  "num_drone": 2,
  "use_ejection": false,
  "use_inter": false,
  "use_intra": false,
  "solver": "GUROBI",
  "solver_log": false,
  "num_worker": -1,
  "time_limit": 18000,
  "model_params": {},
  "Optimal": 16.430168485722294,
  "Time": 213.17819213867188,
  "num_constraint": 540,
  "Number of variables": 4501,
  "status": "OPTIMAL"
}