{
  "x": {
    "x[2,13,0]": 1.0,
    "x[4,12,0]": 1.0,
    "x[12,2,0]": 1.0,
    "x[0,4,0]": 1.0,
    "x[3,13,1]": 1.0000000018719497,
    "x[7,3,1]": 1.0,
    "x[0,7,1]": 1.0000000018719497
  },
  "y": {
    "y[1,9,0,0]": 1.0,
    "y[9,13,0,0]": 1.0,
    "y[0,1,0,0]": 1.0,
    "y[11,13,0,1]": 1.0,
    "y[0,11,0,1]": 1.0,
    "y[1,9,0,6]": 1.871949759110954e-09,
    "y[9,1,0,6]": 1.871949759110954e-09,
    "y[11,13,0,6]": 2.879922706324544e-10,
    "y[0,3,0,6]": 2.879922706324544e-10,
    "y[5,13,1,0]": 1.0,
    "y[6,8,1,0]": 1.0,
    "y[8,5,1,0]": 1.0,
    "y[10,6,1,0]": 1.0,
    "y[0,10,1,0]": 1.0,
    "y[1,10,1,9]": 3.67842572588557e-11
  },
  "T": {
    "T[0,0]": 13.308824955889815,
    "T[0,1]": 4.54774357878105,
    "T[0,6]": 3.3570630719737e-09,
    "T[1,0]": 18.605599935532293
  },
  "A": {
    "A[0]": 18.523629738652396,
    "A[1]": 18.741931575199473
  },
  "B": {
    "B[0]": 17.856568538027926,
    "B[1]": 18.605599935387723
  },
  "L_w": 60,
  "L_d": 120,
  "staff_velocity": 0.58,
  "drone_velocity": 0.83,
  "num_staff": 2,
  "num_drone": 2,
  "use_ejection": false,
  "use_inter": false,
  "use_intra": false,
  "solver": "GUROBI",
  "solver_log": false,
  "num_worker": -1,
  "time_limit": 18000,
  "model_params": {},
  "Optimal": 18.741931575199473,
  "Time": 896.3970375061035,
  "num_constraint": 540,
  "Number of variables": 4501,
  "status": "OPTIMAL"
}