{
  "x": {
    "x[1,11,0]": 1.0,
    "x[11,13,0]": 1.0,
    "x[0,1,0]": 1.0,
    "x[2,13,1]": 1.0,
    "x[0,2,1]": 1.0
  },
  "y": {
    "y[5,8,0,0]": 1.0,
    "y[8,13,0,0]": 1.0,
    "y[10,12,0,0]": 1.0,
    "y[12,5,0,0]": 1.0,
    "y[0,10,0,0]": 1.0,
    "y[3,13,1,0]": 1.0,
    "y[4,9,1,0]": 1.0,
    "y[6,4,1,0]": 1.0,
    "y[7,6,1,0]": 1.0,
    "y[9,3,1,0]": 1.0,
    "y[0,7,1,0]": 1.0
  },
  "T": {
    "T[0,0]": 8.774025685134822,
    "T[1,0]": 9.319032745408649
  },
  "A": {
    "A[0]": 9.146316186374479,
    "A[1]": 8.891981283099113
  },
  "B": {
    "B[0]": 8.774025685134822,
    "B[1]": 9.319032745408649
  },
  "L_w": 60,
  "L_d": 120,
  "staff_velocity": 0.58,
  "drone_velocity": 0.83,
  "num_staff": 2,
  "num_drone": 2,
  "use_ejection": false,
  "use_inter": false,
  "use_intra": false,
  "solver": "GUROBI",
  "solver_log": false,
  "num_worker": -1,
  "time_limit": 18000,
  "model_params": {},
  "Optimal": 9.319032745408649,
  "Time": 65.95525169372559,
  "num_constraint": 540,
  "Number of variables": 4501,
  "status": "OPTIMAL"
}