{
  "x": {
    "x[4,13,0]": 1.0,
    "x[0,4,0]": 1.0,
    "x[2,10,1]": 1.0,
    "x[10,13,1]": 1.0,
    "x[0,2,1]": 1.0
  },
  "y": {
    "y[5,13,0,0]": 1.0,
    "y[7,5,0,0]": 1.0,
    "y[11,7,0,0]": 1.0,
    "y[0,11,0,0]": 1.0,
    "y[1,8,1,0]": 0.9999999999999998,
    "y[3,9,1,0]": 1.0,
    "y[6,12,1,0]": 0.9999999999999998,
    "y[8,6,1,0]": 1.0,
    "y[9,13,1,0]": 1.0,
    "y[12,3,1,0]": 0.9999999999999998,
    "y[0,1,1,0]": 1.0
  },
  "T": {
    "T[0,0]": 33.32313068650581,
    "T[1,0]": 35.048189964766394
  },
  "A": {
    "A[0]": 33.054688564377095,
    "A[1]": 33.4890282534868
  },
  "B": {
    "B[0]": 33.32313068650581,
    "B[1]": 35.048189964766394
  },
  "L_w": 60,
  "L_d": 120,
  "staff_velocity": 0.58,
  "drone_velocity": 0.83,
  "num_staff": 2,
  "num_drone": 2,
  "use_ejection": false,
  "use_inter": false,
  "use_intra": false,
  "solver": "GUROBI",
  "solver_log": false,
  "num_worker": -1,
  "time_limit": 18000,
  "model_params": {},
  "Optimal": 35.048189964766394,
  "Time": 84.03833389282227,
  "num_constraint": 540,
  "Number of variables": 4501,
  "status": "OPTIMAL"
}