{
  "x": {
    "x[9,13,0]": 1.0,
    "x[11,9,0]": 1.0,
    "x[0,11,0]": 1.0,
    "x[5,7,1]": 1.0,
    "x[7,13,1]": 1.0,
    "x[0,5,1]": 1.0
  },
  "y": {
    "y[4,10,0,0]": 1.0,
    "y[6,12,0,0]": 1.0,
    "y[10,13,0,0]": 1.0,
    "y[12,4,0,0]": 1.0,
    "y[0,6,0,0]": 1.0,
    "y[1,2,1,0]": 1.0,
    "y[2,13,1,0]": 1.0,
    "y[3,8,1,0]": 1.0,
    "y[8,1,1,0]": 1.0,
    "y[0,3,1,0]": 1.0
  },
  "T": {
    "T[0,0]": 8.270665513820925,
    "T[1,0]": 8.568520945547624
  },
  "A": {
    "A[0]": 8.85535886083158,
    "A[1]": 6.062471789115065
  },
  "B": {
    "B[0]": 8.270665513820925,
    "B[1]": 8.568520945547624
  },
  "L_w": 60,
  "L_d": 120,
  "staff_velocity": 0.58,
  "drone_velocity": 0.83,
  "num_staff": 2,
  "num_drone": 2,
  "use_ejection": false,
  "use_inter": false,
  "use_intra": false,
  "solver": "GUROBI",
  "solver_log": false,
  "num_worker": -1,
  "time_limit": 18000,
  "model_params": {},
  "Optimal": 8.85535846168076,
  "Time": 119.57162666320801,
  "num_constraint": 540,
  "Number of variables": 4501,
  "status": "OPTIMAL"
}