{
  "x": {
    "x[1,5,0]": 1.0,
    "x[5,13,0]": 1.0,
    "x[0,1,0]": 1.0,
    "x[2,7,1]": 1.0,
    "x[7,13,1]": 1.0,
    "x[12,2,1]": 1.0,
    "x[0,12,1]": 1.0
  },
  "y": {
    "y[4,6,0,0]": 1.0,
    "y[6,8,0,0]": 1.0,
    "y[8,9,0,0]": 0.999999999999999,
    "y[9,13,0,0]": 0.999999999999999,
    "y[0,4,0,0]": 1.0,
    "y[3,11,1,0]": 1.0,
    "y[10,3,1,0]": 1.0,
    "y[11,13,1,0]": 1.0,
    "y[0,10,1,0]": 1.0
  },
  "T": {
    "T[0,0]": 9.823817689070871,
    "T[1,0]": 9.446623562725872
  },
  "A": {
    "A[0]": 9.78174302353511,
    "A[1]": 9.78805843644589
  },
  "B": {
    "B[0]": 9.823817689070871,
    "B[1]": 9.446623562725872
  },
  "L_w": 60,
  "L_d": 120,
  "staff_velocity": 0.58,
  "drone_velocity": 0.83,
  "num_staff": 2,
  "num_drone": 2,
  "use_ejection": false,
  "use_inter": false,
  "use_intra": false,
  "solver": "GUROBI",
  "solver_log": false,
  "num_worker": -1,
  "time_limit": 18000,
  "model_params": {},
  "Optimal": 9.823817689070868,
  "Time": 65.72377586364746,
  "num_constraint": 540,
  "Number of variables": 4501,
  "status": "OPTIMAL"
}