{
  "x": {
    "x[12,13,0]": 1.0,
    "x[0,12,0]": 1.0,
    "x[4,11,1]": 1.0,
    "x[11,13,1]": 1.0,
    "x[0,4,1]": 1.0
  },
  "y": {
    "y[1,7,0,0]": 1.0,
    "y[2,5,0,0]": 1.0,
    "y[3,1,0,0]": 1.0,
    "y[5,13,0,0]": 1.0,
    "y[7,2,0,0]": 1.0,
    "y[0,3,0,0]": 1.0,
    "y[6,13,1,0]": 1.0,
    "y[8,10,1,0]": 1.0,
    "y[9,6,1,0]": 1.0,
    "y[10,9,1,0]": 1.0,
    "y[0,8,1,0]": 1.0
  },
  "T": {
    "T[0,0]": 38.770903708139734,
    "T[1,0]": 37.10858420118159
  },
  "A": {
    "A[0]": 39.062936573551674,
    "A[1]": 37.970612930952974
  },
  "B": {
    "B[0]": 38.770903708139734,
    "B[1]": 37.10858420118159
  },
  "L_w": 60,
  "L_d": 120,
  "staff_velocity": 0.58,
  "drone_velocity": 0.83,
  "num_staff": 2,
  "num_drone": 2,
  "use_ejection": false,
  "use_inter": false,
  "use_intra": false,
  "solver": "GUROBI",
  "solver_log": false,
  "num_worker": -1,
  "time_limit": 18000,
  "model_params": {},
  "Optimal": 39.06293656954537,
  "Time": 57.40944480895996,
  "num_constraint": 540,
  "Number of variables": 4501,
  "status": "OPTIMAL"
}