{
  "x": {
    "x[2,10,0]": 1.0,
    "x[9,2,0]": 1.0,
    "x[10,13,0]": 1.0,
    "x[12,9,0]": 1.0,
    "x[0,12,0]": 1.0,
    "x[6,13,1]": 1.0,
    "x[0,6,1]": 1.0
  },
  "y": {
    "y[3,13,0,0]": 1.0,
    "y[4,3,0,0]": 1.0,
    "y[5,4,0,0]": 1.0,
    "y[0,5,0,0]": 1.0,
    "y[1,11,1,0]": 1.0,
    "y[7,8,1,0]": 1.0,
    "y[8,1,1,0]": 1.0,
    "y[11,13,1,0]": 1.0,
    "y[0,7,1,0]": 1.0
  },
  "T": {
    "T[0,0]": 16.721784409667624,
    "T[1,0]": 16.797796597101588
  },
  "A": {
    "A[0]": 19.28327768170438,
    "A[1]": 19.338704749714786
  },
  "B": {
    "B[0]": 16.721784409667624,
    "B[1]": 16.797796597101588
  },
  "L_w": 60,
  "L_d": 120,
  "staff_velocity": 0.58,
  "drone_velocity": 0.83,
  "num_staff": 2,
  "num_drone": 2,
  "use_ejection": false,
  "use_inter": false,
  "use_intra": false,
  "solver": "GUROBI",
  "solver_log": false,
  "num_worker": -1,
  "time_limit": 18000,
  "model_params": {},
  "Optimal": 19.33870474971477,
  "Time": 87.72517776489258,
  "num_constraint": 540,
  "Number of variables": 4501,
  "status": "OPTIMAL"
}