{
  "x": {
    "x[9,13,0]": 1.0,
    "x[0,9,0]": 1.0,
    "x[1,10,1]": 1.0,
    "x[4,1,1]": 1.0,
    "x[6,4,1]": 1.0,
    "x[10,13,1]": 1.0,
    "x[0,6,1]": 1.0
  },
  "y": {
    "y[3,13,0,0]": 1.0,
    "y[7,8,0,0]": 1.0,
    "y[8,3,0,0]": 1.0,
    "y[0,7,0,0]": 1.0,
    "y[2,12,1,0]": 1.0,
    "y[5,11,1,0]": 1.0,
    "y[11,2,1,0]": 1.0,
    "y[12,13,1,0]": 1.0,
    "y[0,5,1,0]": 1.0
  },
  "T": {
    "T[0,0]": 39.38725163463137,
    "T[1,0]": 41.42892389801176
  },
  "A": {
    "A[0]": 44.54863679757879,
    "A[1]": 34.38920719752852
  },
  "B": {
    "B[0]": 39.38725163463137,
    "B[1]": 41.42892389801176
  },
  "L_w": 60,
  "L_d": 120,
  "staff_velocity": 0.58,
  "drone_velocity": 0.83,
  "num_staff": 2,
  "num_drone": 2,
  "use_ejection": false,
  "use_inter": false,
  "use_intra": false,
  "solver": "GUROBI",
  "solver_log": false,
  "num_worker": -1,
  "time_limit": 18000,
  "model_params": {},
  "Optimal": 44.54863679757879,
  "Time": 79.20841598510742,
  "num_constraint": 540,
  "Number of variables": 4501,
  "status": "OPTIMAL"
}