{
  "x": {
    "x[1,9,0]": 1.0,
    "x[5,13,0]": 1.0,
    "x[9,5,0]": 1.0,
    "x[0,1,0]": 1.0,
    "x[8,13,1]": 1.0,
    "x[0,8,1]": 1.0
  },
  "y": {
    "y[2,10,0,0]": 1.0,
    "y[3,13,0,0]": 1.0,
    "y[4,3,0,0]": 1.0,
    "y[7,12,0,0]": 1.0,
    "y[10,4,0,0]": 1.0,
    "y[12,2,0,0]": 1.0,
    "y[0,7,0,0]": 1.0,
    "y[6,11,1,0]": 1.0,
    "y[11,13,1,0]": 1.0,
    "y[0,6,1,0]": 1.0
  },
  "T": {
    "T[0,0]": 8.221158894635224,
    "T[1,0]": 7.8662443554277335
  },
  "A": {
    "A[0]": 7.932578305231212,
    "A[1]": 8.2718424142743
  },
  "B": {
    "B[0]": 8.221158894635224,
    "B[1]": 7.8662443554277335
  },
  "L_w": 60,
  "L_d": 120,
  "staff_velocity": 0.58,
  "drone_velocity": 0.83,
  "num_staff": 2,
  "num_drone": 2,
  "use_ejection": false,
  "use_inter": false,
  "use_intra": false,
  "solver": "GUROBI",
  "solver_log": false,
  "num_worker": -1,
  "time_limit": 18000,
  "model_params": {},
  "Optimal": 8.2718424142743,
  "Time": 116.77922630310059,
  "num_constraint": 540,
  "Number of variables": 4501,
  "status": "OPTIMAL"
}