{
  "x": {
    "x[5,7,0]": 1.0,
    "x[7,8,0]": 1.0,
    "x[8,11,0]": 1.0,
    "x[0,5,0]": 1.0
  },
  "y": {
    "y[1,10,0,0]": 1.0,
    "y[2,11,0,0]": 1.0,
    "y[3,2,0,0]": 1.0,
    "y[4,1,0,0]": 1.0,
    "y[6,3,0,0]": 1.0,
    "y[9,6,0,0]": 1.0,
    "y[10,9,0,0]": 1.0,
    "y[0,4,0,0]": 1.0
  },
  "T": {
    "T[0,0]": 13.55135845181753
  },
  "A": {
    "A[0]": 12.038478780284887
  },
  "B": {
    "B[0]": 13.55135845181753
  },
  "L_w": 60,
  "L_d": 120,
  "staff_velocity": 0.58,
  "drone_velocity": 0.83,
  "num_staff": 1,
  "num_drone": 1,
  "use_ejection": true,
  "use_inter": true,
  "use_intra": true,
  "solver": "GUROBI",
  "solver_log": false,
  "num_worker": -1,
  "time_limit": 1800,
  "model_params": {},
  "Optimal": 13.55135845181753,
  "Time": 3.202380895614624,
  "num_constraint": 216,
  "Number of variables": 1377,
  "status": "OPTIMAL"
}