{
  "x": {
    "x[1,5,0]": 1.0,
    "x[5,11,0]": 1.0,
    "x[0,1,0]": 1.0
  },
  "y": {
    "y[2,9,0,0]": 1.0,
    "y[3,8,0,0]": 1.0,
    "y[4,2,0,0]": 1.0,
    "y[6,3,0,0]": 1.0,
    "y[7,4,0,0]": 1.0,
    "y[8,10,0,0]": 1.0,
    "y[9,6,0,0]": 1.0,
    "y[10,11,0,0]": 1.0,
    "y[0,7,0,0]": 1.0
  },
  "T": {
    "T[0,0]": 45.52591438127598
  },
  "A": {
    "A[0]": 45.21496264064183
  },
  "B": {
    "B[0]": 45.52591438127598
  },
  "L_w": 60,
  "L_d": 120,
  "staff_velocity": 0.58,
  "drone_velocity": 0.83,
  "num_staff": 1,
  "num_drone": 1,
  "use_ejection": true,
  "use_inter": true,
  "use_intra": true,
  "solver": "GUROBI",
  "solver_log": false,
  "num_worker": -1,
  "time_limit": 1800,
  "model_params": {},
  "Optimal": 45.52591438127598,
  "Time": 3.0113909244537354,
  "num_constraint": 216,
  "Number of variables": 1377,
  "status": "OPTIMAL"
}