{
  "x": {
    "x[7,9,0]": 1.0,
    "x[9,11,0]": 1.0,
    "x[10,7,0]": 1.0,
    "x[0,10,0]": 1.0
  },
  "y": {
    "y[1,11,0,0]": 1.0000000000000002,
    "y[2,1,0,0]": 1.0,
    "y[2,6,0,0]": 1.6653345369377348e-16,
    "y[3,4,0,0]": 1.0,
    "y[4,6,0,0]": 1.0,
    "y[5,3,0,0]": 1.0,
    "y[6,1,0,0]": 1.1102230246251565e-16,
    "y[6,2,0,0]": 1.0,
    "y[8,5,0,0]": 1.0,
    "y[0,8,0,0]": 1.0
  },
  "T": {
    "T[0,0]": 13.447086939196767
  },
  "A": {
    "A[0]": 13.825237969751544
  },
  "B": {
    "B[0]": 13.447086939196767
  },
  "L_w": 60,
  "L_d": 120,
  "staff_velocity": 0.58,
  "drone_velocity": 0.83,
  "num_staff": 1,
  "num_drone": 1,
  "use_ejection": true,
  "use_inter": true,
  "use_intra": true,
  "solver": "GUROBI",
  "solver_log": false,
  "num_worker": -1,
  "time_limit": 1800,
  "model_params": {},
  "Optimal": 13.825237969751544,
  "Time": 8.084934949874878,
  "num_constraint": 216,
  "Number of variables": 1377,
  "status": "OPTIMAL"
}