{
  "x": {
    "x[2,9,0]": 1.0,
    "x[4,11,0]": 1.0,
    "x[7,2,0]": 1.0,
    "x[9,4,0]": 1.0,
    "x[0,7,0]": 1.0
  },
  "y": {
    "y[1,5,0,0]": 1.0,
    "y[3,10,0,0]": 1.0,
    "y[5,11,0,0]": 1.0,
    "y[6,8,0,0]": 1.0,
    "y[8,3,0,0]": 1.0,
    "y[10,1,0,0]": 1.0,
    "y[0,6,0,0]": 1.0
  },
  "T": {
    "T[0,0]": 25.513287994798883
  },
  "A": {
    "A[0]": 27.20634103757083
  },
  "B": {
    "B[0]": 25.513287994798883
  },
  "L_w": 60,
  "L_d": 120,
  "staff_velocity": 0.58,
  "drone_velocity": 0.83,
  "num_staff": 1,
  "num_drone": 1,
  "use_ejection": true,
  "use_inter": true,
  "use_intra": true,
  "solver": "GUROBI",
  "solver_log": false,
  "num_worker": -1,
  "time_limit": 1800,
  "model_params": {},
  "Optimal": 27.206341037570823,
  "Time": 2.294157028198242,
  "num_constraint": 216,
  "Number of variables": 1377,
  "status": "OPTIMAL"
}