{
  "x": {
    "x[1,3,0]": 1.0,
    "x[3,7,0]": 1.0,
    "x[7,8,0]": 1.0,
    "x[8,11,0]": 1.0,
    "x[9,1,0]": 1.0,
    "x[0,9,0]": 1.0
  },
  "y": {
    "y[2,10,0,0]": 1.0,
    "y[4,2,0,0]": 1.0,
    "y[5,6,0,0]": 1.0,
    "y[6,4,0,0]": 1.0,
    "y[10,11,0,0]": 1.0,
    "y[0,5,0,0]": 1.0
  },
  "T": {
    "T[0,0]": 12.593777645389768
  },
  "A": {
    "A[0]": 12.583580132851342
  },
  "B": {
    "B[0]": 12.593777645389768
  },
  "L_w": 60,
  "L_d": 120,
  "staff_velocity": 0.58,
  "drone_velocity": 0.83,
  "num_staff": 1,
  "num_drone": 1,
  "use_ejection": true,
  "use_inter": true,
  "use_intra": true,
  "solver": "GUROBI",
  "solver_log": false,
  "num_worker": -1,
  "time_limit": 1800,
  "model_params": {},
  "Optimal": 12.593777645389768,
  "Time": 1.9557831287384033,
  "num_constraint": 216,
  "Number of variables": 1377,
  "status": "OPTIMAL"
}