{
  "x": {
    "x[1,2,0]": 1.0,
    "x[2,3,0]": 1.0,
    "x[3,6,0]": 1.0,
    "x[6,11,0]": 1.0,
    "x[0,1,0]": 1.0
  },
  "y": {
    "y[4,5,0,0]": 1.0,
    "y[5,11,0,0]": 1.0,
    "y[7,9,0,0]": 1.0,
    "y[8,10,0,0]": 1.0,
    "y[9,8,0,0]": 1.0,
    "y[10,4,0,0]": 1.0,
    "y[0,7,0,0]": 1.0
  },
  "T": {
    "T[0,0]": 42.75290108526791
  },
  "A": {
    "A[0]": 47.26370096919443
  },
  "B": {
    "B[0]": 42.75290108526791
  },
  "L_w": 60,
  "L_d": 120,
  "staff_velocity": 0.58,
  "drone_velocity": 0.83,
  "num_staff": 1,
  "num_drone": 1,
  "use_ejection": true,
  "use_inter": true,
  "use_intra": true,
  "solver": "GUROBI",
  "solver_log": false,
  "num_worker": -1,
  "time_limit": 1800,
  "model_params": {},
  "Optimal": 47.26370096919443,
  "Time": 3.688472032546997,
  "num_constraint": 216,
  "Number of variables": 1377,
  "status": "OPTIMAL"
}