{
  "x": {
    "x[1,3,0]": 1.0,
    "x[2,10,0]": 1.0,
    "x[3,4,0]": 1.0,
    "x[4,11,0]": 1.0,
    "x[10,1,0]": 1.0,
    "x[0,2,0]": 1.0
  },
  "y": {
    "y[5,7,0,0]": 1.0,
    "y[6,9,0,0]": 1.0,
    "y[7,8,0,0]": 1.0,
    "y[8,6,0,0]": 1.0,
    "y[9,11,0,0]": 1.0,
    "y[0,5,0,0]": 1.0
  },
  "T": {
    "T[0,0]": 24.911703148183214
  },
  "A": {
    "A[0]": 24.70263968599195
  },
  "B": {
    "B[0]": 24.911703148183214
  },
  "L_w": 60,
  "L_d": 120,
  "staff_velocity": 0.58,
  "drone_velocity": 0.83,
  "num_staff": 1,
  "num_drone": 1,
  "use_ejection": true,
  "use_inter": true,
  "use_intra": true,
  "solver": "GUROBI",
  "solver_log": false,
  "num_worker": -1,
  "time_limit": 1800,
  "model_params": {},
  "Optimal": 24.911703148183214,
  "Time": 3.1031410694122314,
  "num_constraint": 216,
  "Number of variables": 1377,
  "status": "OPTIMAL"
}