{
  "x": {
    "x[2,6,0]": 5.551115123125783e-17,
    "x[2,9,0]": 1.0,
    "x[6,11,0]": 1.0,
    "x[9,6,0]": 1.0,
    "x[0,2,0]": 1.0
  },
  "y": {
    "y[1,5,0,0]": 1.0,
    "y[3,8,0,0]": 1.0,
    "y[4,7,0,0]": 1.0,
    "y[5,4,0,0]": 1.0,
    "y[7,3,0,0]": 1.0,
    "y[8,11,0,0]": 1.0,
    "y[10,1,0,0]": 1.0,
    "y[0,10,0,0]": 1.0,
    "y[8,11,0,2]": 5.551115123125783e-17,
    "y[0,8,0,2]": 5.551115123125783e-17
  },
  "T": {
    "T[0,0]": 29.017889371961935,
    "T[0,2]": 3.3306690738754696e-16
  },
  "A": {
    "A[0]": 28.42407929781931
  },
  "B": {
    "B[0]": 29.017889371961935
  },
  "L_w": 60,
  "L_d": 120,
  "staff_velocity": 0.58,
  "drone_velocity": 0.83,
  "num_staff": 1,
  "num_drone": 1,
  "use_ejection": true,
  "use_inter": true,
  "use_intra": true,
  "solver": "GUROBI",
  "solver_log": false,
  "num_worker": -1,
  "time_limit": 1800,
  "model_params": {},
  "Optimal": 29.017889371961935,
  "Time": 5.0043299198150635,
  "num_constraint": 216,
  "Number of variables": 1377,
  "status": "OPTIMAL"
}