{
  "x": {
    "x[2,8,0]": 1.0,
    "x[8,9,0]": 1.0,
    "x[9,11,0]": 1.0,
    "x[10,2,0]": 1.0,
    "x[0,10,0]": 1.0
  },
  "y": {
    "y[1,5,0,0]": 1.0,
    "y[3,4,0,0]": 1.0,
    "y[4,1,0,0]": 1.0,
    "y[5,11,0,0]": 1.0,
    "y[6,3,0,0]": 1.0,
    "y[7,6,0,0]": 1.0,
    "y[0,7,0,0]": 1.0
  },
  "T": {
    "T[0,0]": 12.60935504468354
  },
  "A": {
    "A[0]": 12.803912712517095
  },
  "B": {
    "B[0]": 12.60935504468354
  },
  "L_w": 60,
  "L_d": 120,
  "staff_velocity": 0.58,
  "drone_velocity": 0.83,
  "num_staff": 1,
  "num_drone": 1,
  "use_ejection": true,
  "use_inter": true,
  "use_intra": true,
  "solver": "GUROBI",
  "solver_log": false,
  "num_worker": -1,
  "time_limit": 1800,
  "model_params": {},
  "Optimal": 12.803912712517095,
  "Time": 4.830708026885986,
  "num_constraint": 216,
  "Number of variables": 1377,
  "status": "OPTIMAL"
}