{
  "x": {
    "x[4,5,0]": 1.0,
    "x[5,11,0]": 1.0,
    "x[6,4,0]": 1.0,
    "x[0,6,0]": 1.0
  },
  "y": {
    "y[1,3,0,0]": 1.0,
    "y[2,9,0,0]": 1.0,
    "y[3,7,0,0]": 1.0,
    "y[7,8,0,0]": 1.0,
    "y[8,11,0,0]": 1.0,
    "y[9,1,0,0]": 1.0,
    "y[10,2,0,0]": 1.0,
    "y[0,10,0,0]": 1.0,
    "y[10,11,0,4]": 1.9474882225848647e-11,
    "y[0,10,0,4]": 1.9474882225848647e-11,
    "y[10,11,0,5]": 1.9474882225848647e-11,
    "y[0,10,0,5]": 1.9474882225848647e-11,
    "y[10,11,0,6]": 1.895269731464873e-11,
    "y[0,10,0,6]": 1.895269731464873e-11,
    "y[10,11,0,7]": 1.895269731464873e-11,
    "y[0,10,0,7]": 1.895269731464873e-11
  },
  "T": {
    "T[0,0]": 49.93467305415858,
    "T[0,4]": 2.7847857353435767e-10,
    "T[0,5]": 2.7847857353435767e-10,
    "T[0,6]": 2.7101165755993866e-10,
    "T[0,7]": 2.710116575599387e-10
  },
  "A": {
    "A[0]": 49.62803855118935
  },
  "B": {
    "B[0]": 49.93467305415858
  },
  "L_w": 60,
  "L_d": 120,
  "staff_velocity": 0.58,
  "drone_velocity": 0.83,
  "num_staff": 1,
  "num_drone": 1,
  "use_ejection": true,
  "use_inter": true,
  "use_intra": true,
  "solver": "GUROBI",
  "solver_log": false,
  "num_worker": -1,
  "time_limit": 1800,
  "model_params": {},
  "Optimal": 49.93467305415858,
  "Time": 1.206110954284668,
  "num_constraint": 216,
  "Number of variables": 1377,
  "status": "OPTIMAL"
}