{
  "x": {
    "x[3,10,0]": 1.0,
    "x[9,3,0]": 1.0,
    "x[10,11,0]": 1.0,
    "x[0,9,0]": 1.0
  },
  "y": {
    "y[1,7,0,0]": 1.0,
    "y[2,4,0,0]": 1.0,
    "y[4,5,0,0]": 1.0,
    "y[5,1,0,0]": 1.0,
    "y[6,11,0,0]": 1.0,
    "y[7,8,0,0]": 1.0,
    "y[8,6,0,0]": 1.0,
    "y[0,2,0,0]": 1.0
  },
  "T": {
    "T[0,0]": 23.31336511844723
  },
  "A": {
    "A[0]": 23.785477331030158
  },
  "B": {
    "B[0]": 23.31336511844723
  },
  "L_w": 60,
  "L_d": 120,
  "staff_velocity": 0.58,
  "drone_velocity": 0.83,
  "num_staff": 1,
  "num_drone": 1,
  "use_ejection": true,
  "use_inter": true,
  "use_intra": true,
  "solver": "GUROBI",
  "solver_log": false,
  "num_worker": -1,
  "time_limit": 1800,
  "model_params": {},
  "Optimal": 23.785477331030158,
  "Time": 5.487403869628906,
  "num_constraint": 216,
  "Number of variables": 1377,
  "status": "OPTIMAL"
}