{
  "x": {
    "x[1,6,0]": 1.0,
    "x[2,11,0]": 1.0,
    "x[6,2,0]": 1.0,
    "x[0,1,0]": 1.0
  },
  "y": {
    "y[3,5,0,0]": 1.0,
    "y[4,7,0,0]": 1.0,
    "y[5,11,0,0]": 1.0,
    "y[7,9,0,0]": 1.0,
    "y[8,10,0,0]": 1.0,
    "y[9,3,0,0]": 1.0,
    "y[10,4,0,0]": 1.0,
    "y[0,8,0,0]": 1.0
  },
  "T": {
    "T[0,0]": 48.15341278108972
  },
  "A": {
    "A[0]": 47.824949741992455
  },
  "B": {
    "B[0]": 48.15341278108972
  },
  "L_w": 60,
  "L_d": 120,
  "staff_velocity": 0.58,
  "drone_velocity": 0.83,
  "num_staff": 1,
  "num_drone": 1,
  "use_ejection": true,
  "use_inter": true,
  "use_intra": true,
  "solver": "GUROBI",
  "solver_log": false,
  "num_worker": -1,
  "time_limit": 1800,
  "model_params": {},
  "Optimal": 48.15341278108971,
  "Time": 4.473423004150391,
  "num_constraint": 216,
  "Number of variables": 1377,
  "status": "OPTIMAL"
}